Workbook

Sheet 1-ый семестр 20252026
A1: Позиция в рейтинге | B1: ФИО | C1: Учебная группа | D1: ВИШенки | F1: Помощь ВИШ | G1: Мысли в РУТ | H1: Работа в ПЦ 07.06 | I1: Мероприятие 'Лидер ВИШ" | K1: Публикация статьи | L1: День памяти и скорби 23.06 | N1: XXVIII Петербургский международный экономический форум с 18.06-20.06 | O1: Торжественный выпуск офицеров запаса 19.06 | P1: Творческий лагерь "Молодёжь Москвы" | Q1: 03.07 - Выпускной ВИШ | R1: 04.07 - Вручение дипломов в Министерстве транспорта | S1: Концерт на Красной площади 11.06 | T1: Проектная школа | U1: Выставка "Транспорт 2030" в Манеже 07.08.2025 | V1: Посещение презентации проекта Молодежь Москвы в зале Петров 03.09 | W1: Школа активиста 04.09 | Y1: Школа кураторов 18.08-22.08 | Z1: Welcome day ВИШ 28.08 - 29.08 | AA1: Завтрак для партнеров | AB1: Презентация книги Минтранса 22.08 | AC1: День знаний 1 сентября | AD1: Выездная экскурсия | AE1: Встреча с зам. председателя Правительства РФ 15.09 | AF1: Вручение студенческих билетов ПИШ | AG1: Экскурсии 17.09 - 18.09 | AH1: Мастер-класс по вокалу 22.09 | AI1: Мастер-класс по танцам 23.09 | AJ1: Мастер-класс по актерскому мастерству 24.09 | AK1: Посещение экскурсии в компанию АИР Магистраль | AL1: ДР РУТ на Речном вокзале 27.09 | AM1: Форум о будущем городов БРИКС | AN1: Международный форум Цифровых технологий в сфере транспорта и логистики «ЦИФРОВАЯ ТРАНСПОРТАЦИЯ 2025» | AO1: Поездка в Загорянку 05.10 | AP1: Хакатон "Битва Титанов" | AQ1: Онлайн-лагерь для школьников | AR1: Поездка в Суздаль со студ. активом 3.10 - 5.10 | AS1: Номинация «Студенческое медиа года» 13.10 | AT1: Голосование (Марьина роща) | AU1: Выездной практический семинар ООО "Навгеоком" 9.10-11.10 | AV1: Фонд "Транспортные инновации Москвы" | AW1: Экскурсия в музей РУТ | AX1: Флешмоб ВДНХ | AY1: Турслет МГПУ | AZ1: Экскурсия АО "НИИАС" 15.10 | BA1: Экскурсия в Тверь 15.10-18.10 | BB1: Организация экскурсии для школьников 17.10 | BC1: Прохождение отбора в Школу лидеров изменений | BD1: Мистер и мисс студенчество молодежь Московы | BE1: Лекция "Цифровая гигиена и личная безопасность в Интернете" 16.10 | BF1: Встреча с директором ПИШ 21.10 | BG1: Мероприятие УМП (бобёр) | BH1: Дебют | BL1: Опрос Росмолодежь | BM1: VIII сезон Всероссийского образовательного проекта «Моя река» | BN1: 3 место на Всероссийских соревнований в Калининграде по водному поло | BO1: Проектные соревнования | BP1: Международный форум и выставка "Транспорт России" 13.11-2-.11 | BQ1: Лекция от МЧС 14.11 | BR1: Диалог с министром 19.11 | BS1: День работника транспорта 20.11 | BT1: Игра «Что? Где? Когда?» | BU1: Практическая поездка в Южно-Сахалинск | BW1: Мастер-класс для школьников 12.11 | BX1: Агитация в школе | BY1: Лига универов 14.11 | BZ1: Олимпиада "Я-профессионал" 1 этап | CA1: Гордость 06.11 | CC1: Хакатон «Город будущего» | CD1: ТранспАрт 19.11 | CF1: SK Challenge | CG1: Турнир по боксу памяти ЗМС ЗТ СССР Богаева И.С. (I место) | CH1: Московские студенческие спортивные игры XXXVIII (I место) | CI1: Украшение корпуса к НГ | CJ1: Фестиваль DRIVE DESIGN FEST 2025 (II место) | CK1: Плетение сетей | CL1: Дод 23.11 | CM1: Дод 9.11 | CN1: Экскурсия на завод АО "Метровагонмаш" 2.12 | CO1: Экскурсия в аудиторско-консалтинговую фирму Лузе 3.12 | CP1: Экскурсия в депо ООО "Локо Тех-Сервис" 3.12 | CQ1: Экскурсия на станцию "Москва-Пассажирская-Ярославская" 3.12 | CR1: Экскурсия в отделение Альфа Банка 9.12 | CS1: Управленческий совет 11.12 | CT1: Акция "Мандариновая ель" 12.12 | CU1: Поездка в приют "Дубровая роща" 14.12 | CV1: Благодарность ректора | CW1: Кураторство в клубе "Клавиши" | CX1: Открытый диалог с директорами ВИШ и ПИШ с активистами 21.01 | CY1: Каток ВДНХ 25.01 | DA1: Академическая д. | DB1: Новогодний корпоратив 15.01 | DE1: Открытие коворкинга Альфа-банка 27.01
A2: № П/П | D2: Накоплены в 1-ом семестре | E2: Доступны для списания | F2: Организация | G2: Организация | H2: Медиа д. | I2: Организация | J2: Творческая д. | K2: Научная д. | L2: Академическая д. | M2: Организация | N2: Организация | O2: Организация | P2: Творческая д. | Q2: Организация | R2: Организация | S2: Организация | T2: Организация | U2: Академическая д. | V2: Академическая д. | W2: Участие | X2: Организация | Y2: Организация | Z2: Организация | AA2: Организация | AB2: Академическая д. | AC2: Организация | AD2: Академическая д. | AE2: Организация | AF2: Организация | AG2: Академическая д. | AH2: Организация | AI2: Организация | AJ2: Организация | AK2: Академическая д. | AL2: Организация | AM2: Академическая д. | AN2: Академическая д. | AO2: Творчество | AP2: Проф. д | AQ2: Проф. д | AR2: Академическая д. | AS2: Волонтерская д. | AT2: Академическая д. | AU2: Академическая д. | AV2: Академическая д. | AW2: Академическая д. | AX2: Академическая д. | AY2: Спортивная д. | AZ2: Академическая д. | BA2: Академическая д. | BB2: Организация | BC2: Проф. д | BD2: Творчество | BE2: Академическая д. | BF2: Академическая д. | BG2: Организация | BH2: Академическая д. | BI2: Организация | BJ2: Творческая д. | BK2: Медиа | BL2: Академическая д. | BM2: Проф. д | BN2: Спортивная д. | BO2: Научная д. | BP2: Академическая д. | BQ2: Академическая д. | BR2: Академическая д. | BS2: Организация | BT2: Академическая д. | BU2: Организация | BV2: Проф д. | BW2: Проф. д | BX2: Организация | BY2: Спортивная д. | BZ2: Академическая д. | CA2: Организация | CB2: Научная д. | CC2: Проф. д | CD2: Творческая д. | CE2: Медиа | CF2: Медиа | CG2: Спортивная д. | CH2: Спортивная д. | CI2: Организация | CJ2: Проф. д | CK2: Волонтерская д. | CL2: Организация | CM2: Организация | CN2: Академическая д. | CO2: Академическая д. | CP2: Академическая д. | CQ2: Академическая д. | CR2: Академическая д. | CS2: Организация | CT2: Организация | CU2: Волонтерская д. | CV2: Волонтерская д. | CW2: Организация | CX2: Академическая д. | CY2: Академическая д. | CZ2: Творческая д. | DA2: Академическая д. | DB2: Организация | DC2: Творческая д. | DD2: Медиа | DE2: Академическая д.
A3: =ROW()-2 -> 1 | B3: Савин Артём Алексеевич | C3: ШТС-311 | D3: =SUM(F3:FJ3) -> 111 | E3: =VLOOKUP(B3, 'Списания ВИШенок'!$A$3:$D$1035, 4, 0) -> 669 | F3: 3 | H3: 5 | I3: 5 | Q3: 5 | X3: 5 | AB3: 3 | AC3: 4 | AE3: 4 | AN3: 8 | AQ3: 5 | BI3: 12 | BJ3: 12 | BK3: 12 | BZ3: 4 | CE3: 12 | CF3: 12
A4: =ROW()-2 -> 2 | B4: Молчанова Варвара Андреевна | C4: ШМС-311 | D4: =SUM(F4:FJ4) -> 22 | E4: =VLOOKUP(B4, 'Списания ВИШенок'!$A$3:$D$1035, 4, 0) -> 574 | F4: 7 | H4: 5 | I4: 5 | J4: 5
A5: =ROW()-2 -> 3 | B5: Зыкова Марина Андреевна | C5: ШМС-311 | D5: =SUM(F5:FJ5) -> 12 | E5: =VLOOKUP(B5, 'Списания ВИШенок'!$A$3:$D$1035, 4, 0) -> 563 | F5: 7 | AR5: 5
A6: =ROW()-2 -> 4 | B6: Дидушок Александра Александровна | C6: ШТД-211 | D6: =SUM(F6:FJ6) -> 47 | E6: =VLOOKUP(B6, 'Списания ВИШенок'!$A$3:$D$1035, 4, 0) -> 455 | F6: =5+3+5 -> 13 | I6: 5 | U6: 5 | X6: 8 | Y6: 10 | AC6: 6
A7: =ROW()-2 -> 5 | B7: Шейкман Софья Дмитриевна | C7: ШМС-212 | D7: =SUM(F7:FJ7) -> 74 | E7: =VLOOKUP(B7, 'Списания ВИШенок'!$A$3:$D$1035, 4, 0) -> 441 | I7: 5 | J7: 5 | Z7: 4 | AC7: 6 | BI7: 12 | BJ7: 12 | BL7: 3 | BO7: 8 | BQ7: 3 | BZ7: 4 | CD7: 12
A8: =ROW()-2 -> 6 | B8: Мялькин Эдуард Алексеевич | C8: ШТС-411 | D8: =SUM(F8:FJ8) -> 49 | E8: =VLOOKUP(B8, 'Списания ВИШенок'!$A$3:$D$1035, 4, 0) -> 412 | F8: 3 | O8: 5 | X8: 8 | AJ8: 5 | AY8: 4 | BI8: 12 | BJ8: 12
A9: =ROW()-2 -> 7 | B9: Казорина Евгения Андреевна | C9: ШТД-411 | D9: =SUM(F9:FJ9) -> 15 | E9: =VLOOKUP(B9, 'Списания ВИШенок'!$A$3:$D$1035, 4, 0) -> 401 | CD9: 12 | CP9: 3
A10: =ROW()-2 -> 8 | B10: Сазонов Артём Игоревич | C10: ШТС-211 | D10: =SUM(F10:FJ10) -> 113 | E10: =VLOOKUP(B10, 'Списания ВИШенок'!$A$3:$D$1035, 4, 0) -> 372 | F10: =5+5+7+3+5+7+5+5+8 -> 50 | I10: 5 | U10: 5 | Z10: 5 | AA10: 5 | AC10: 6 | AF10: 7 | BL10: 3 | BQ10: 3 | BU10: 12 | BV10: 12
A11: =ROW()-2 -> 9 | B11: Медведев Максим Геннадьевич | C11: ШТС-411 | D11: =SUM(F11:FJ11) -> 0 | E11: =VLOOKUP(B11, 'Списания ВИШенок'!$A$3:$D$1035, 4, 0) -> 370
A12: =ROW()-2 -> 10 | B12: Шандова Александра Сергеевна | C12: ШАД-211 | D12: =SUM(F12:FJ12) -> 95 | E12: =VLOOKUP(B12, 'Списания ВИШенок'!$A$3:$D$1035, 4, 0) -> 343 | I12: 5 | J12: 5 | Q12: 5 | X12: 8 | Y12: 10 | Z12: 5 | AC12: 6 | AI12: 5 | BI12: 12 | BJ12: 12 | BL12: 3 | BQ12: 3 | BZ12: 4 | CD12: 12
A13: =ROW()-2 -> 11 | B13: Иванов Дмитрий Андреевич | C13: ШИН-171 | D13: =SUM(F13:FJ13) -> 3 | E13: =VLOOKUP(B13, 'Списания ВИШенок'!$A$3:$D$1035, 4, 0) -> 332 | F13: 3
A14: =ROW()-2 -> 12 | B14: Ткачев Илья Витальевич | C14: ШАД-311 | D14: =SUM(F14:FJ14) -> 47 | E14: =VLOOKUP(B14, 'Списания ВИШенок'!$A$3:$D$1035, 4, 0) -> 313 | Q14: 5 | X14: 5 | AE14: 4 | AF14: 5 | AY14: 4 | BI14: 12 | BJ14: 12
A15: =ROW()-2 -> 13 | B15: Старостина Катарина Александровна | C15: ШАД-211 | D15: =SUM(F15:FJ15) -> 44 | E15: =VLOOKUP(B15, 'Списания ВИШенок'!$A$3:$D$1035, 4, 0) -> 302 | I15: 5 | J15: 5 | AI15: 5 | AO15: 5 | BI15: 12 | BJ15: 12
A16: =ROW()-2 -> 14 | B16: Филиппова Софья Владиславовна | C16: ШТД-411 | D16: =SUM(F16:FJ16) -> 17 | E16: =VLOOKUP(B16, 'Списания ВИШенок'!$A$3:$D$1035, 4, 0) -> 314 | H16: 5 | CD16: 12
A17: =ROW()-2 -> 15 | B17: Герасимов Никита Александрович | C17: ШМС-311 | D17: =SUM(F17:FJ17) -> 35 | E17: =VLOOKUP(B17, 'Списания ВИШенок'!$A$3:$D$1035, 4, 0) -> 330 | CS17: 8 | CU17: 8 | CX17: 5 | CY17: 3 | CZ17: 3 | DA17: 5 | DE17: 3
A18: =ROW()-2 -> 16 | B18: Булгаков Никита Александрович | C18: ШТС-311 | D18: =SUM(F18:FJ18) -> 75 | E18: =VLOOKUP(B18, 'Списания ВИШенок'!$A$3:$D$1035, 4, 0) -> 280 | H18: 5 | R18: 5 | U18: 5 | AK18: 3 | AN18: 8 | AX18: 5 | BG18: 5 | BI18: 12 | BJ18: 12 | BM18: 5 | BR18: 5 | BS18: 5
A19: =ROW()-2 -> 17 | B19: Буртасова Полина Ивановна | C19: ШТС-211 | D19: =SUM(F19:FJ19) -> 108 | E19: =VLOOKUP(B19, 'Списания ВИШенок'!$A$3:$D$1035, 4, 0) -> 256 | F19: 8 | N19: 15 | Q19: 10 | U19: 5 | X19: 8 | Y19: 10 | Z19: 5 | AA19: 5 | AB19: 3 | AC19: 7 | AF19: 7 | AJ19: 5 | AN19: 8 | BZ19: 4 | DB19: 8
A20: =ROW()-2 -> 18 | B20: Корнейчук Никита Сергеевич | C20: ШТД-211 | D20: =SUM(F20:FJ20) -> 0 | E20: =VLOOKUP(B20, 'Списания ВИШенок'!$A$3:$D$1035, 4, 0) -> 272
A21: =ROW()-2 -> 19 | B21: Аксенов Александр Иванович | C21: ШЭТ-311 | D21: =SUM(F21:FJ21) -> 74 | E21: =VLOOKUP(B21, 'Списания ВИШенок'!$A$3:$D$1035, 4, 0) -> 219 | F21: =9+4+5 -> 18 | Z21: 5 | AC21: 6 | AG21: 3 | AL21: 5 | AN21: 8 | BC21: 5 | BG21: 5 | BO21: 8 | BQ21: 3 | CI21: 8
A22: =ROW()-2 -> 20 | B22: Сорокин Денис Сергеевич | C22: ШМС-411 | D22: =SUM(F22:FJ22) -> 9 | E22: =VLOOKUP(B22, 'Списания ВИШенок'!$A$3:$D$1035, 4, 0) -> 241 | X22: 5 | BZ22: 4
A23: =ROW()-2 -> 21 | B23: Ныш Александр Александрович | C23: ШТС-411 | D23: =SUM(F23:FJ23) -> 33 | E23: =VLOOKUP(B23, 'Списания ВИШенок'!$A$3:$D$1035, 4, 0) -> 242 | X23: 5 | AY23: 4 | BI23: 8 | BJ23: 8 | CS23: 8
A24: =ROW()-2 -> 22 | B24: Зязева Александра Павловна | C24: ШМС-411 | D24: =SUM(F24:FJ24) -> 5 | E24: =VLOOKUP(B24, 'Списания ВИШенок'!$A$3:$D$1035, 4, 0) -> 225 | BR24: 5
A25: =ROW()-2 -> 23 | B25: Солдатова Екатерина Сергеевна | C25: ШТС-411 | D25: =SUM(F25:FJ25) -> 10 | E25: =VLOOKUP(B25, 'Списания ВИШенок'!$A$3:$D$1035, 4, 0) -> 222 | Q25: 5 | AA25: 5
A26: =ROW()-2 -> 24 | B26: Ивлева Александра Сергеевна | C26: ШТД-211 | D26: =SUM(F26:FJ26) -> 0 | E26: =VLOOKUP(B26, 'Списания ВИШенок'!$A$3:$D$1035, 4, 0) -> 203
A27: =ROW()-2 -> 25 | B27: Загоскин Егор Ильич | C27: ШМС-411 | D27: =SUM(F27:FJ27) -> 45 | E27: =VLOOKUP(B27, 'Списания ВИШенок'!$A$3:$D$1035, 4, 0) -> 188 | F27: 17 | X27: 5 | AB27: 3 | AY27: 4 | BI27: 8 | BJ27: 8
A28: =ROW()-2 -> 26 | B28: Сермакшев Михаил Владимирович | C28: ШТД-211 | D28: =SUM(F28:FJ28) -> 26 | E28: =VLOOKUP(B28, 'Списания ВИШенок'!$A$3:$D$1035, 4, 0) -> 201 | F28: 3 | BP28: 15 | CL28: 8
A29: =ROW()-2 -> 27 | B29: Сорокина Юлия Александровна | C29: ШЦТ-311 | D29: =SUM(F29:FJ29) -> 10 | E29: =VLOOKUP(B29, 'Списания ВИШенок'!$A$3:$D$1035, 4, 0) -> 196 | P29: 10
A30: =ROW()-2 -> 28 | B30: Куликов Антон Германович | C30: ШМС-311 | D30: =SUM(F30:FJ30) -> 5 | E30: =VLOOKUP(B30, 'Списания ВИШенок'!$A$3:$D$1035, 4, 0) -> 194 | V30: 5
A31: =ROW()-2 -> 29 | B31: Булгаков Вячеслав Витальевич | C31: ШАД-412 | D31: =SUM(F31:FJ31) -> 13 | E31: =VLOOKUP(B31, 'Списания ВИШенок'!$A$3:$D$1035, 4, 0) -> 188 | F31: =5+8 -> 13
A32: =ROW()-2 -> 30 | B32: Купцов Михаил Владимирович | C32: ШИН-171 | D32: =SUM(F32:FJ32) -> 0 | E32: =VLOOKUP(B32, 'Списания ВИШенок'!$A$3:$D$1035, 4, 0) -> 187
A33: =ROW()-2 -> 31 | B33: Гвоздовская Юлия Евгеньевна | C33: ШЭТ-311 | D33: =SUM(F33:FJ33) -> 24 | E33: =VLOOKUP(B33, 'Списания ВИШенок'!$A$3:$D$1035, 4, 0) -> 181 | BI33: 12 | BJ33: 12
A34: =ROW()-2 -> 32 | B34: Третьяков Ростислав Алексеевич | C34: ШАД-211 | D34: =SUM(F34:FJ34) -> 22 | E34: =VLOOKUP(B34, 'Списания ВИШенок'!$A$3:$D$1035, 4, 0) -> 183 | I34: 5 | J34: 5 | CD34: 12
A35: =ROW()-2 -> 33 | B35: Ильин Антон Алексеевич | C35: ШАД-412 | D35: =SUM(F35:FJ35) -> 7 | E35: =VLOOKUP(B35, 'Списания ВИШенок'!$A$3:$D$1035, 4, 0) -> 173 | AC35: 7
A36: =ROW()-2 -> 34 | B36: Доронин Егор Михайлович | C36: ШЦТ-311 | D36: =SUM(F36:FJ36) -> 4 | E36: =VLOOKUP(B36, 'Списания ВИШенок'!$A$3:$D$1035, 4, 0) -> 173 | AD36: 4
A37: =ROW()-2 -> 35 | B37: Васильева Ксения Александровна | C37: ШТД-411 | D37: =SUM(F37:FJ37) -> 0 | E37: =VLOOKUP(B37, 'Списания ВИШенок'!$A$3:$D$1035, 4, 0) -> 167
A38: =ROW()-2 -> 36 | B38: Ивочкина Анастасия Александровна | C38: ШЭТ-411 | D38: =SUM(F38:FJ38) -> 0 | E38: =VLOOKUP(B38, 'Списания ВИШенок'!$A$3:$D$1035, 4, 0) -> 166
A39: =ROW()-2 -> 37 | B39: Михайлов Андрей Александрович | C39: ШАД-412 | D39: =SUM(F39:FJ39) -> 47 | E39: =VLOOKUP(B39, 'Списания ВИШенок'!$A$3:$D$1035, 4, 0) -> 162 | AF39: 7 | AQ39: 5 | AR39: 5 | AZ39: 3 | BA39: 9 | BQ39: 3 | BR39: 5 | BS39: 5 | BW39: 5
A40: =ROW()-2 -> 38 | B40: Быкова Анастасия Петровна | C40: ШТД-411 | D40: =SUM(F40:FJ40) -> 14 | E40: =VLOOKUP(B40, 'Списания ВИШенок'!$A$3:$D$1035, 4, 0) -> 173 | CP40: 3 | CQ40: 3 | DC40: 8
A41: =ROW()-2 -> 39 | B41: Зайцева Анастасия Евгеньевна | C41: ШТС-211 | D41: =SUM(F41:FJ41) -> 18 | E41: =VLOOKUP(B41, 'Списания ВИШенок'!$A$3:$D$1035, 4, 0) -> 156 | U41: 5 | AN41: 8 | AX41: 5
A42: =ROW()-2 -> 40 | B42: Ступина Любовь Дмитриевна | C42: ШТС-411 | D42: =SUM(F42:FJ42) -> 0 | E42: =VLOOKUP(B42, 'Списания ВИШенок'!$A$3:$D$1035, 4, 0) -> 159
A43: =ROW()-2 -> 41 | B43: Белоусова Александра Андреевна | C43: ШМС-411 | D43: =SUM(F43:FJ43) -> 0 | E43: =VLOOKUP(B43, 'Списания ВИШенок'!$A$3:$D$1035, 4, 0) -> 155
A44: =ROW()-2 -> 42 | B44: Карпова Алина Александровна | C44: ПИН-171 | D44: =SUM(F44:FJ44) -> 0 | E44: =VLOOKUP(B44, 'Списания ВИШенок'!$A$3:$D$1035, 4, 0) -> 155
A45: =ROW()-2 -> 43 | B45: Карпова Алина Александровна | C45: ПИН-171 | D45: =SUM(F45:FJ45) -> 0 | E45: =VLOOKUP(B45, 'Списания ВИШенок'!$A$3:$D$1035, 4, 0) -> 155
A46: =ROW()-2 -> 44 | B46: Шашаев Тимофей Андреевич | C46: ШТД-411 | D46: =SUM(F46:FJ46) -> 22 | E46: =VLOOKUP(B46, 'Списания ВИШенок'!$A$3:$D$1035, 4, 0) -> 147 | I46: 5 | AY46: 4 | CC46: 13
A47: =ROW()-2 -> 45 | B47: Матвеева Анастасия Андреевна | C47: ШТС-311 | D47: =SUM(F47:FJ47) -> 3 | E47: =VLOOKUP(B47, 'Списания ВИШенок'!$A$3:$D$1035, 4, 0) -> 146 | CR47: 3
A48: =ROW()-2 -> 46 | B48: Мерзляков Егор Владимирович | C48: ШТД-211 | D48: =SUM(F48:FJ48) -> 0 | E48: =VLOOKUP(B48, 'Списания ВИШенок'!$A$3:$D$1035, 4, 0) -> 146
A49: =ROW()-2 -> 47 | B49: Михайлова Ирина Андреевна | C49: ПСЭ-541 | D49: =SUM(F49:FJ49) -> 54 | E49: =VLOOKUP(B49, 'Списания ВИШенок'!$A$3:$D$1035, 4, 0) -> 116 | F49: =5+5+5+5+7+3+5+8 -> 43 | AG49: 3 | CM49: 8
A50: =ROW()-2 -> 48 | B50: Саакян Татевик Нверовна | C50: ПСЭ-541 | D50: =SUM(F50:FJ50) -> 54 | E50: =VLOOKUP(B50, 'Списания ВИШенок'!$A$3:$D$1035, 4, 0) -> 115 | F50: =5+5+5+8 -> 23 | AF50: 7 | AY50: 4 | AZ50: 3 | BA50: 9 | BQ50: 3 | BR50: 5
A51: =ROW()-2 -> 49 | B51: Опарина Ольга Владимировна | C51: ШМС-411 | D51: =SUM(F51:FJ51) -> 0 | E51: =VLOOKUP(B51, 'Списания ВИШенок'!$A$3:$D$1035, 4, 0) -> 133
A52: =ROW()-2 -> 50 | B52: Фролов Никита Алексеевич | C52: ШТС-211 | D52: =SUM(F52:FJ52) -> 29 | E52: =VLOOKUP(B52, 'Списания ВИШенок'!$A$3:$D$1035, 4, 0) -> 132 | Q52: 5 | BU52: 12 | BV52: 12
A53: =ROW()-2 -> 51 | B53: Байдовский Игорь Борисович | C53: ШМС-411 | D53: =SUM(F53:FJ53) -> 49 | E53: =VLOOKUP(B53, 'Списания ВИШенок'!$A$3:$D$1035, 4, 0) -> 120 | F53: 12 | X53: 5 | AY53: 4 | BI53: 12 | BJ53: 12 | BZ53: 4
A54: =ROW()-2 -> 52 | B54: Вяткин Владимир Александрович | C54: ШАД-211 | D54: =SUM(F54:FJ54) -> 43 | E54: =VLOOKUP(B54, 'Списания ВИШенок'!$A$3:$D$1035, 4, 0) -> 126 | G54: 5 | AP54: 13 | BC54: 5 | BZ54: 4 | CL54: 8 | CM54: 8
A55: =ROW()-2 -> 53 | B55: Чаплеева Анна Михайловна | C55: ШАД-412 | D55: =SUM(F55:FJ55) -> 0 | E55: =VLOOKUP(B55, 'Списания ВИШенок'!$A$3:$D$1035, 4, 0) -> 123
A56: =ROW()-2 -> 54 | B56: Максименко Юлия Александровна | C56: ШАД-412 | D56: =SUM(F56:FJ56) -> 8 | E56: =VLOOKUP(B56, 'Списания ВИШенок'!$A$3:$D$1035, 4, 0) -> 127 | DC56: 8
A57: =ROW()-2 -> 55 | B57: Фитц Артемий Валерьевич | C57: ШАД-311 | D57: =SUM(F57:FJ57) -> 0 | E57: =VLOOKUP(B57, 'Списания ВИШенок'!$A$3:$D$1035, 4, 0) -> 122
A58: =ROW()-2 -> 56 | B58: Омельчук Григорий Андреевич | C58: ШТС-211 | D58: =SUM(F58:FJ58) -> 22 | E58: =VLOOKUP(B58, 'Списания ВИШенок'!$A$3:$D$1035, 4, 0) -> 121 | AV58: 3 | CL58: 8 | CM58: 8 | CO58: 3
A59: =ROW()-2 -> 57 | B59: Симулин Алексей Владиславович | C59: ШТС-311 | D59: =SUM(F59:FJ59) -> 25 | E59: =VLOOKUP(B59, 'Списания ВИШенок'!$A$3:$D$1035, 4, 0) -> 121 | AK59: 3 | AN59: 8 | BR59: 5 | BS59: 5 | BZ59: 4
A60: =ROW()-2 -> 58 | B60: Сотников Артём Сергеевич | C60: ШТС-111 | D60: =SUM(F60:FJ60) -> 78 | E60: =VLOOKUP(B60, 'Списания ВИШенок'!$A$3:$D$1035, 4, 0) -> 101 | F60: =13+5+5+5 -> 28 | AF60: 7 | AW60: 3 | AX60: 5 | BI60: 8 | BJ60: 8 | BL60: 3 | BX60: 8 | CI60: 8
A61: =ROW()-2 -> 59 | B61: Роменко Егор Дмитриевич | C61: ПИН-171 | D61: =SUM(F61:FJ61) -> 0 | E61: =VLOOKUP(B61, 'Списания ВИШенок'!$A$3:$D$1035, 4, 0) -> 119
A62: =ROW()-2 -> 60 | B62: Роменко Егор Дмитриевич | C62: ПИН-171 | D62: =SUM(F62:FJ62) -> 0 | E62: =VLOOKUP(B62, 'Списания ВИШенок'!$A$3:$D$1035, 4, 0) -> 119
A63: =ROW()-2 -> 61 | B63: Московец Матвей Алексеевич | C63: ШЭТ-211 | D63: =SUM(F63:FJ63) -> 5 | E63: =VLOOKUP(B63, 'Списания ВИШенок'!$A$3:$D$1035, 4, 0) -> 115 | I63: 5
A64: =ROW()-2 -> 62 | B64: Витушкин Родион Николаевич | C64: ШТД-311 | D64: =SUM(F64:FJ64) -> 10 | E64: =VLOOKUP(B64, 'Списания ВИШенок'!$A$3:$D$1035, 4, 0) -> 106 | I64: 5 | X64: 5
A65: =ROW()-2 -> 63 | B65: Бирюкова Светлана Александровна | C65: ШТС-111 | D65: =SUM(F65:FJ65) -> 72 | E65: =VLOOKUP(B65, 'Списания ВИШенок'!$A$3:$D$1035, 4, 0) -> 75 | F65: =5+5 -> 10 | AF65: 5 | AX65: 5 | BG65: 5 | BI65: 8 | BJ65: 8 | BP65: 15 | BX65: =8+8 -> 16
A66: =ROW()-2 -> 64 | B66: Завадский Павел Андреевич | C66: ШМС-211 | D66: =SUM(F66:FJ66) -> 12 | E66: =VLOOKUP(B66, 'Списания ВИШенок'!$A$3:$D$1035, 4, 0) -> 106 | Y66: 6 | AC66: 6
A67: =ROW()-2 -> 65 | B67: Попова Полина Сергеевна | C67: ШТС-211 | D67: =SUM(F67:FJ67) -> 62 | E67: =VLOOKUP(B67, 'Списания ВИШенок'!$A$3:$D$1035, 4, 0) -> 106 | V67: 5 | AF67: 7 | AG67: 3 | AN67: 8 | AW67: 3 | BI67: 8 | BJ67: 8 | BL67: 3 | BT67: 5 | BX67: 8 | BZ67: 4
A68: =ROW()-2 -> 66 | B68: Чеховской Андрей Владимирович | C68: ШМС-411 | D68: =SUM(F68:FJ68) -> 3 | E68: =VLOOKUP(B68, 'Списания ВИШенок'!$A$3:$D$1035, 4, 0) -> 109 | CN68: 3
A69: =ROW()-2 -> 67 | B69: Ятченко Никита Денисович | C69: ШЦТ-211 | D69: =SUM(F69:FJ69) -> 49 | E69: =VLOOKUP(B69, 'Списания ВИШенок'!$A$3:$D$1035, 4, 0) -> 102 | Y69: 10 | Z69: 3 | AC69: 6 | AD69: 4 | BL69: 3 | BQ69: 3 | BZ69: 4 | CL69: 8 | CM69: 8
A70: =ROW()-2 -> 68 | B70: Василев Алексей Иванович | C70: ШАД-412 | D70: =SUM(F70:FJ70) -> 0 | E70: =VLOOKUP(B70, 'Списания ВИШенок'!$A$3:$D$1035, 4, 0) -> 104
A71: =ROW()-2 -> 69 | B71: Мазалова Ирина Сергеевна | C71: ШТД-411 | D71: =SUM(F71:FJ71) -> 0 | E71: =VLOOKUP(B71, 'Списания ВИШенок'!$A$3:$D$1035, 4, 0) -> 104
A72: =ROW()-2 -> 70 | B72: Шитов Александр Александрович | C72: ШТА-271 | D72: =SUM(F72:FJ72) -> 0 | E72: =VLOOKUP(B72, 'Списания ВИШенок'!$A$3:$D$1035, 4, 0) -> 104
A73: =ROW()-2 -> 71 | B73: Мешков Роман Константинович | C73: ШМС-411 | D73: =SUM(F73:FJ73) -> 0 | E73: =VLOOKUP(B73, 'Списания ВИШенок'!$A$3:$D$1035, 4, 0) -> 103
A74: =ROW()-2 -> 72 | B74: Полянский Герман Сергеевич | C74: ШАД-412 | D74: =SUM(F74:FJ74) -> 66 | E74: =VLOOKUP(B74, 'Списания ВИШенок'!$A$3:$D$1035, 4, 0) -> 103 | S74: 5 | Y74: 10 | Z74: 5 | AA74: 5 | AC74: 6 | BQ74: 3 | BU74: 12 | BV74: 12 | CL74: 8
A75: =ROW()-2 -> 73 | B75: Федоров Никита Константинович | C75: ШТС-411 | D75: =SUM(F75:FJ75) -> 0 | E75: =VLOOKUP(B75, 'Списания ВИШенок'!$A$3:$D$1035, 4, 0) -> 103
A76: =ROW()-2 -> 74 | B76: Воропаев Максим Мирославович | C76: ШТС-411 | D76: =SUM(F76:FJ76) -> 0 | E76: =VLOOKUP(B76, 'Списания ВИШенок'!$A$3:$D$1035, 4, 0) -> 100
A77: =ROW()-2 -> 75 | B77: Круглова Мария Павловна | C77: ШАД-412 | D77: =SUM(F77:FJ77) -> 3 | E77: =VLOOKUP(B77, 'Списания ВИШенок'!$A$3:$D$1035, 4, 0) -> 100 | AW77: 3
A78: =ROW()-2 -> 76 | B78: Лоскутова Мария Михайловна | C78: ШТС-211 | D78: =SUM(F78:FJ78) -> 0 | E78: =VLOOKUP(B78, 'Списания ВИШенок'!$A$3:$D$1035, 4, 0) -> 100
A79: =ROW()-2 -> 77 | B79: Пушкарев Арсений Георгиевич | C79: ШТС-311 | D79: =SUM(F79:FJ79) -> 25 | E79: =VLOOKUP(B79, 'Списания ВИШенок'!$A$3:$D$1035, 4, 0) -> 99 | AK79: 3 | AN79: 8 | BR79: 5 | BS79: 5 | BZ79: 4
A80: =ROW()-2 -> 78 | B80: Божина Анастасия Сергеевна | C80: ШТС-311 | D80: =SUM(F80:FJ80) -> 25 | E80: =VLOOKUP(B80, 'Списания ВИШенок'!$A$3:$D$1035, 4, 0) -> 95 | AK80: 3 | AN80: 8 | BR80: 5 | BS80: 5 | BZ80: 4
A81: =ROW()-2 -> 79 | B81: Шунайлов Тимофей Вячеславович | C81: ШЭТ-311 | D81: =SUM(F81:FJ81) -> 34 | E81: =VLOOKUP(B81, 'Списания ВИШенок'!$A$3:$D$1035, 4, 0) -> 93 | F81: =5 -> 5 | Z81: 4 | AC81: 6 | AG81: 3 | BO81: 8 | CM81: 8
A82: =ROW()-2 -> 80 | B82: Батманов Владимир Андреевич | C82: ШАД-411 | D82: =SUM(F82:FJ82) -> 0 | E82: =VLOOKUP(B82, 'Списания ВИШенок'!$A$3:$D$1035, 4, 0) -> 97
A83: =ROW()-2 -> 81 | B83: Вострикова Алина Сергеевна | C83: ШАД-211 | D83: =SUM(F83:FJ83) -> 34 | E83: =VLOOKUP(B83, 'Списания ВИШенок'!$A$3:$D$1035, 4, 0) -> 95 | F83: 10 | BI83: 12 | BJ83: 12
A84: =ROW()-2 -> 82 | B84: Фишман Игорь Викторович | C84: ПСЭ-441 | D84: =SUM(F84:FJ84) -> 95 | E84: =D84 -> 95 | F84: 86 | BA84: 9
A85: =ROW()-2 -> 83 | B85: Гусаров Матвей Владимирович | C85: ШАД-411 | D85: =SUM(F85:FJ85) -> 8 | E85: =VLOOKUP(B85, 'Списания ВИШенок'!$A$3:$D$1035, 4, 0) -> 94 | CM85: 8
A86: =ROW()-2 -> 84 | B86: Мамаев Андрей Дмитриевич | C86: ШАД-211 | D86: =SUM(F86:FJ86) -> 4 | E86: =VLOOKUP(B86, 'Списания ВИШенок'!$A$3:$D$1035, 4, 0) -> 91 | AE86: 4
A87: =ROW()-2 -> 85 | B87: Соколова Вероника Андреевна | C87: ШЦТ-211 | D87: =SUM(F87:FJ87) -> 40 | E87: =VLOOKUP(B87, 'Списания ВИШенок'!$A$3:$D$1035, 4, 0) -> 122 | Q87: 5 | AD87: 4 | CS87: 8 | CX87: 5 | CY87: 3 | CZ87: 3 | DB87: 4 | DC87: 8
A88: =ROW()-2 -> 86 | B88: Бычкова Мария Владимировна | C88: ШАД-211 | D88: =SUM(F88:FJ88) -> 44 | E88: =VLOOKUP(B88, 'Списания ВИШенок'!$A$3:$D$1035, 4, 0) -> 87 | Q88: 5 | Y88: 10 | Z88: 5 | AC88: 6 | BL88: 3 | BQ88: 3 | BZ88: 4 | CM88: 8
A89: =ROW()-2 -> 87 | B89: Полищук Вячеслав Александрович | C89: ШМС-212 | D89: =SUM(F89:FJ89) -> 0 | E89: =VLOOKUP(B89, 'Списания ВИШенок'!$A$3:$D$1035, 4, 0) -> 90
A90: =ROW()-2 -> 88 | B90: Пономаренко Лев Евгеньевич | C90: ШМС-311 | D90: =SUM(F90:FJ90) -> 8 | E90: =VLOOKUP(B90, 'Списания ВИШенок'!$A$3:$D$1035, 4, 0) -> 93 | AD90: 5 | CR90: 3
A91: =ROW()-2 -> 89 | B91: Криловец Юлия Андреевна | C91: ШТД-311 | D91: =SUM(F91:FJ91) -> 17 | E91: =VLOOKUP(B91, 'Списания ВИШенок'!$A$3:$D$1035, 4, 0) -> 88 | V91: 5 | CD91: 12
A92: =ROW()-2 -> 90 | B92: Чиркова Екатерина Александровна | C92: ШАД-412 | D92: =SUM(F92:FJ92) -> 3 | E92: =VLOOKUP(B92, 'Списания ВИШенок'!$A$3:$D$1035, 4, 0) -> 91 | CY92: 3
A93: =ROW()-2 -> 91 | B93: Сидоров Сергей Юрьевич | C93: ШМС-311 | D93: =SUM(F93:FJ93) -> 3 | E93: =VLOOKUP(B93, 'Списания ВИШенок'!$A$3:$D$1035, 4, 0) -> 90 | CQ93: 3
A94: =ROW()-2 -> 92 | B94: Шевяков Павел Михайлович | C94: ШМС-411 | D94: =SUM(F94:FJ94) -> 0 | E94: =VLOOKUP(B94, 'Списания ВИШенок'!$A$3:$D$1035, 4, 0) -> 87
A95: =ROW()-2 -> 93 | B95: Леманский Константин Юрьевич | C95: ПИН-171 | D95: =SUM(F95:FJ95) -> 0 | E95: =VLOOKUP(B95, 'Списания ВИШенок'!$A$3:$D$1035, 4, 0) -> 86
A96: =ROW()-2 -> 94 | B96: Леманский Константин Юрьевич | C96: ПИН-171 | D96: =SUM(F96:FJ96) -> 0 | E96: =VLOOKUP(B96, 'Списания ВИШенок'!$A$3:$D$1035, 4, 0) -> 86
A97: =ROW()-2 -> 95 | B97: Сиврюк Данила Вячеславович | C97: ШТС-411 | D97: =SUM(F97:FJ97) -> 0 | E97: =VLOOKUP(B97, 'Списания ВИШенок'!$A$3:$D$1035, 4, 0) -> 86
A98: =ROW()-2 -> 96 | B98: Беренгартен Александр Сергеевич | C98: ШТС-411 | D98: =SUM(F98:FJ98) -> 0 | E98: =VLOOKUP(B98, 'Списания ВИШенок'!$A$3:$D$1035, 4, 0) -> 85
A99: =ROW()-2 -> 97 | B99: Чистяков Дмитрий Алексеевич | C99: ШТС-111 | D99: =SUM(F99:FJ99) -> 50 | E99: =VLOOKUP(B99, 'Списания ВИШенок'!$A$3:$D$1035, 4, 0) -> 73 | F99: =5+5+3+8 -> 21 | BI99: 8 | BJ99: 8 | CI99: 5 | CK99: 8
A100: =ROW()-2 -> 98 | B100: Гусев Никита Максимович | C100: ШМС-311 | D100: =SUM(F100:FJ100) -> 0 | E100: =VLOOKUP(B100, 'Списания ВИШенок'!$A$3:$D$1035, 4, 0) -> 83
...

Sheet 2-ой семестр 20252026
A1: Позиция в рейтинге | B1: ФИО | C1: Учебная группа | D1: ВИШенки | F1: Помощь ВИШ | G1: Новогодний вечер ДПИШ 15.01 | J1: Встреча О.Н, Покусаева и Д.В. Паринова со студентами-активистами ДПИШ 23.01 | K1: Встреча руководства университета с обучающимися в рамках празднования Дня российского студенчества 23.01 | L1: Встреча в формате открытого диалога с Губернатором Псковской области Михаилом Юрьевичем Ведерниковым 23.01 | M1: Поездка в приют "Дубовая роща" 31.01 | N1: Разработка ИИ-психолога-помощника в рамках ПД | O1: Разработка интерактивного управленческого дашборда для аналитического подразделения «Аэроэкспресс» в рамках ПД | P1: Мероприятие, посвященное Дню российской науки 06.02 | Q1: Стратегическая поездка Студенческого совета в Коломну 08.02 | R1: Подкаст «ВИШ в деталях» | S1: Поездка по биометрии (Кострома, Иваново, Нижний Новгород) (февраль) | T1: Сбор помощи для военнослужащих в рамках общегородской инициативы Комитета общественных связей и молодёжной политики Москвы (февраль) | U1: Акция в честь Дня всех влюбленных 13.02 | V1: Концерт, посвященный Дню защитника отечества 19.02 | X1: Масленица 19.02 | Y1: Масленица РУТ (МИИТ) 20.02 | Z1: Творческий фестиваль "Студенческая весна" Февраль-март | AC1: Мероприятие с участием первого заместителя Министра транспорта РФ К.А. Пашковым 19.02 | AD1: Награждение бойцов МСО 19.02 | AE1: Лекция от МВД о незаконном обороте наркотиков на территории ВДНХ 26.02 | AF1: Праздничная акция, приуроченная к Международному женскому дню 06.03 | AG1: Экскурсионная программа по экспозиции «Путешествие по России» в пространстве НЦ «Россия» 17.03 | AH1: Ярмарка вакансий ДПИШ 19.03 | AJ1: Расширенная коллегия Министерства транспорта Российской Федерации 20.03 | AK1: Плетение сетей (февраль) | AL1: ДОД РУТ 22.03 | AM1: ДОД РОАТ 21.03 | AN1: Дизайн Движение 21.03 | AO1: Разработка десктопного приложения RailCom — учебный симулятор для визуализации передачи и модуляции сигнала на железнодорожном транспорте | AP1: Создание инструмента для перехода станционных систем на новое оборудование | AQ1: Разработка сервиса видеоаналитики для остановок общественного транспорта | AR1: Хакатон "Дизайн Движение" (1,2 место + участие) | AS1: ХХХVIII Московские студенческие спортивные игры 21-22.03
A2: № П/П | D2: Накоплены в 2-ом семестре | E2: Доступны для списания | F2: Организация | G2: Организация | H2: Творческая д. | I2: Медиа | J2: Академическая д. | K2: Академическая д. | L2: Академическая д. | M2: Волонтерская д. | N2: Профессиональная д. | O2: Профессиональная д. | P2: Академическая д. | Q2: Академическая д. | R2: Медиа д. | S2: Академическая д. | T2: Волонтерская д. | U2: Организация | V2: Творческая д. | W2: Академическая д. | X2: Организация | Y2: Организация | Z2: Организация | AA2: Творческая д. | AB2: Медиа | AC2: Академическая д. | AD2: Волонтерская д. | AE2: Академическая д. | AF2: Организация | AG2: Академическая д. | AH2: Организация | AI2: Академическая д. | AJ2: Академическая д. | AK2: Волонтерская д. | AL2: Организация | AM2: Организация | AN2: Профессиональная д. | AO2: Профессиональная д. | AP2: Профессиональная д. | AQ2: Профессиональная д. | AR2: Профессиональная д.
A3: =ROW()-2 -> 1 | B3: Абашев Руслан Евгеньевич | C3: ШЦТ-211 | D3: =SUM(F3:FR3) -> 0 | E3: =VLOOKUP(B3, 'Списания ВИШенок'!$A$3:$D$1035, 4, 0) -> 10
A4: =ROW()-2 -> 2 | B4: Абдуллаев Сеймур Сабухиевич | C4: ШЭТ-111 | D4: =SUM(F4:FR4) -> 0 | E4: =VLOOKUP(B4, 'Списания ВИШенок'!$A$3:$D$1035, 4, 0) -> 0
A5: =ROW()-2 -> 3 | B5: Абдуллаева Сайкал Замирбековна | C5: ШТД-311 | D5: =SUM(F5:FR5) -> 0 | E5: =VLOOKUP(B5, 'Списания ВИШенок'!$A$3:$D$1035, 4, 0) -> 27
A6: =ROW()-2 -> 4 | B6: Абраамян Феликс Овикович | C6: ШАДк-111 | D6: =SUM(F6:FR6) -> 0 | E6: =VLOOKUP(B6, 'Списания ВИШенок'!$A$3:$D$1035, 4, 0) -> 0
A7: =ROW()-2 -> 5 | B7: Абраменков Антон Александрович | C7: ШМС-411 | D7: =SUM(F7:FR7) -> 0 | E7: =VLOOKUP(B7, 'Списания ВИШенок'!$A$3:$D$1035, 4, 0) -> 18
A8: =ROW()-2 -> 6 | B8: Абрамов Алексей Константинович | C8: ППС-441 | D8: =SUM(F8:FR8) -> 0 | E8: =VLOOKUP(B8, 'Списания ВИШенок'!$A$3:$D$1035, 4, 0) -> 20
A9: =ROW()-2 -> 7 | B9: Абрамова Анна Олеговна | C9: ШЦТ-111 | D9: =SUM(F9:FR9) -> 0 | E9: =VLOOKUP(B9, 'Списания ВИШенок'!$A$3:$D$1035, 4, 0) -> 9
A10: =ROW()-2 -> 8 | B10: Абросимов Никита Михайлович | C10: ПИН-171 | D10: =SUM(F10:FR10) -> 0 | E10: =VLOOKUP(B10, 'Списания ВИШенок'!$A$3:$D$1035, 4, 0) -> 44
A11: =ROW()-2 -> 9 | B11: Абросимов Никита Михайлович | C11: ПИН-171 | D11: =SUM(F11:FR11) -> 0 | E11: =VLOOKUP(B11, 'Списания ВИШенок'!$A$3:$D$1035, 4, 0) -> 44
A12: =ROW()-2 -> 10 | B12: Аверина Елизавета Алексеевна | C12: ШАД-412 | D12: =SUM(F12:FR12) -> 0 | E12: =VLOOKUP(B12, 'Списания ВИШенок'!$A$3:$D$1035, 4, 0) -> 15
A13: =ROW()-2 -> 11 | B13: Айткалиева Александра Камидуллаевна | C13: ПСЭ-441 | D13: =SUM(F13:FR13) -> 18 | E13: =VLOOKUP(B13, 'Списания ВИШенок'!$A$3:$D$1035, 4, 0) -> 43 | S13: 5 | Z13: 8 | AI13: 2 | AJ13: 3
A14: =ROW()-2 -> 12 | B14: Акимов Александр Алексеевич | C14: ШАД-311 | D14: =SUM(F14:FR14) -> 0 | E14: =VLOOKUP(B14, 'Списания ВИШенок'!$A$3:$D$1035, 4, 0) -> 21
A15: =ROW()-2 -> 13 | B15: Аккуратнова София Александровна | C15: ШМС-111 | D15: =SUM(F15:FR15) -> 2 | E15: =VLOOKUP(B15, 'Списания ВИШенок'!$A$3:$D$1035, 4, 0) -> -43 | AI15: 2
A16: =ROW()-2 -> 14 | B16: Акопян Артур Николаевич | C16: ШАДк-111 | D16: =SUM(F16:FR16) -> 0 | E16: =VLOOKUP(B16, 'Списания ВИШенок'!$A$3:$D$1035, 4, 0) -> 5
A17: =ROW()-2 -> 15 | B17: Аксенов Александр Иванович | C17: ШЭТ-311 | D17: =SUM(F17:FR17) -> 70 | E17: =VLOOKUP(B17, 'Списания ВИШенок'!$A$3:$D$1035, 4, 0) -> 219 | F17: =10+5 -> 15 | J17: 8 | K17: 3 | M17: 6 | Q17: 3 | S17: 5 | T17: 5 | X17: 5 | Z17: 8 | AC17: 2 | AF17: 5 | AI17: 2 | AJ17: 3
A18: =ROW()-2 -> 16 | B18: Алеев Андрей Романович | C18: ШАД-411 | D18: =SUM(F18:FR18) -> 0 | E18: =VLOOKUP(B18, 'Списания ВИШенок'!$A$3:$D$1035, 4, 0) -> 68
A19: =ROW()-2 -> 17 | B19: Алексеев Константин Игоревич | C19: ПСЭ-441 | D19: =SUM(F19:FR19) -> 0 | E19: =VLOOKUP(B19, 'Списания ВИШенок'!$A$3:$D$1035, 4, 0) -> #N/A
A20: =ROW()-2 -> 18 | B20: Алидарова Самира Зафидиновна | C20: ШЭТ-411 | D20: =SUM(F20:FR20) -> 0 | E20: =VLOOKUP(B20, 'Списания ВИШенок'!$A$3:$D$1035, 4, 0) -> 49
A21: =ROW()-2 -> 19 | B21: Алиев Саид Асламбекович | C21: ШМС-212 | D21: =SUM(F21:FR21) -> 0 | E21: =VLOOKUP(B21, 'Списания ВИШенок'!$A$3:$D$1035, 4, 0) -> 22
A22: =ROW()-2 -> 20 | B22: Алферов Кирилл Александрович | C22: ШАД-111 | D22: =SUM(F22:FR22) -> 0 | E22: =VLOOKUP(B22, 'Списания ВИШенок'!$A$3:$D$1035, 4, 0) -> 5
A23: =ROW()-2 -> 21 | B23: Андреев Андрей Сергеевич | C23: ШЦТ-111 | D23: =SUM(F23:FR23) -> 0 | E23: =VLOOKUP(B23, 'Списания ВИШенок'!$A$3:$D$1035, 4, 0) -> 24
A24: =ROW()-2 -> 22 | B24: Андреев Артём Игоревич | C24: ШТА-271 | D24: =SUM(F24:FR24) -> 0 | E24: =VLOOKUP(B24, 'Списания ВИШенок'!$A$3:$D$1035, 4, 0) -> -20
A25: =ROW()-2 -> 23 | B25: Андреев Даниил Игоревич | C25: ШТС-311 | D25: =SUM(F25:FR25) -> 2 | E25: =VLOOKUP(B25, 'Списания ВИШенок'!$A$3:$D$1035, 4, 0) -> 48 | AI25: 2
A26: =ROW()-2 -> 24 | B26: Андреев Иван Александрович | C26: ШАД-311 | D26: =SUM(F26:FR26) -> 0 | E26: =VLOOKUP(B26, 'Списания ВИШенок'!$A$3:$D$1035, 4, 0) -> 29
A27: =ROW()-2 -> 25 | B27: Антонов Владимир Сергеевич | C27: ШТД-211 | D27: =SUM(F27:FR27) -> 0 | E27: =VLOOKUP(B27, 'Списания ВИШенок'!$A$3:$D$1035, 4, 0) -> 13
A28: =ROW()-2 -> 26 | B28: Антонов Иван Алексеевич | C28: ПИН-171 | D28: =SUM(F28:FR28) -> 0 | E28: =VLOOKUP(B28, 'Списания ВИШенок'!$A$3:$D$1035, 4, 0) -> -42
A29: =ROW()-2 -> 27 | B29: Антонов Иван Алексеевич | C29: ПИН-171 | D29: =SUM(F29:FR29) -> 0 | E29: =VLOOKUP(B29, 'Списания ВИШенок'!$A$3:$D$1035, 4, 0) -> -42
A30: =ROW()-2 -> 28 | B30: Ануфриев Семен Михайлович | C30: ПИН-171 | D30: =SUM(F30:FR30) -> 0 | E30: =VLOOKUP(B30, 'Списания ВИШенок'!$A$3:$D$1035, 4, 0) -> 67
A31: =ROW()-2 -> 29 | B31: Ануфриев Семен Михайлович | C31: ПИН-171 | D31: =SUM(F31:FR31) -> 0 | E31: =VLOOKUP(B31, 'Списания ВИШенок'!$A$3:$D$1035, 4, 0) -> 67
A32: =ROW()-2 -> 30 | B32: Апреликова Ксения Александровна | C32: ШАД-211 | D32: =SUM(F32:FR32) -> 0 | E32: =VLOOKUP(B32, 'Списания ВИШенок'!$A$3:$D$1035, 4, 0) -> 22
A33: =ROW()-2 -> 31 | B33: Аргунов Леонид Эдуардович | C33: ШАД-412 | D33: =SUM(F33:FR33) -> 0 | E33: =VLOOKUP(B33, 'Списания ВИШенок'!$A$3:$D$1035, 4, 0) -> 42
A34: =ROW()-2 -> 32 | B34: Аржанников Семён Евгеньевич | C34: ШЦТ-311 | D34: =SUM(F34:FR34) -> 0 | E34: =VLOOKUP(B34, 'Списания ВИШенок'!$A$3:$D$1035, 4, 0) -> 15
A35: =ROW()-2 -> 33 | B35: Ароев Андрей Александрович | C35: ШАДк-111 | D35: =SUM(F35:FR35) -> 0 | E35: =VLOOKUP(B35, 'Списания ВИШенок'!$A$3:$D$1035, 4, 0) -> 0
A36: =ROW()-2 -> 34 | B36: Артемов Антон Андреевич | C36: ШМС-211 | D36: =SUM(F36:FR36) -> 0 | E36: =VLOOKUP(B36, 'Списания ВИШенок'!$A$3:$D$1035, 4, 0) -> 10
A37: =ROW()-2 -> 35 | B37: Артемова Анастасия Дмитриевна | C37: ШЦТ-311 | D37: =SUM(F37:FR37) -> 0 | E37: =VLOOKUP(B37, 'Списания ВИШенок'!$A$3:$D$1035, 4, 0) -> 30
... A39: =ROW()-2 -> 37 | B39: Асанов Артём Игоревич | C39: ШЭТ-211 | D39: =SUM(F39:FR39) -> 0 | E39: =VLOOKUP(B39, 'Списания ВИШенок'!$A$3:$D$1035, 4, 0) -> 36
A40: =ROW()-2 -> 38 | B40: Ассельборн Максим Алексеевич | C40: ШТС-111 | D40: =SUM(F40:FR40) -> 23 | E40: =VLOOKUP(B40, 'Списания ВИШенок'!$A$3:$D$1035, 4, 0) -> 62 | X40: 5 | Y40: 5 | Z40: 8 | AA40: 5
A41: =ROW()-2 -> 39 | B41: Астафьева Юлия Андреевна | C41: ШМС-112 | D41: =SUM(F41:FR41) -> 0 | E41: =VLOOKUP(B41, 'Списания ВИШенок'!$A$3:$D$1035, 4, 0) -> 0
A42: =ROW()-2 -> 40 | B42: Астахов Владислав Сергеевич | C42: ШТС-411 | D42: =SUM(F42:FR42) -> 0 | E42: =VLOOKUP(B42, 'Списания ВИШенок'!$A$3:$D$1035, 4, 0) -> 100
A43: =ROW()-2 -> 41 | B43: Асташов Илья Алексеевич | C43: ШТД-211 | D43: =SUM(F43:FR43) -> 0 | E43: =VLOOKUP(B43, 'Списания ВИШенок'!$A$3:$D$1035, 4, 0) -> 0
A44: =ROW()-2 -> 42 | B44: Астрейко Иван Сергеевич | C44: ШЦТ-111 | D44: =SUM(F44:FR44) -> 0 | E44: =VLOOKUP(B44, 'Списания ВИШенок'!$A$3:$D$1035, 4, 0) -> 8
A45: =ROW()-2 -> 43 | B45: Атражев Илья Михайлович | C45: ШТД-411 | D45: =SUM(F45:FR45) -> 0 | E45: =VLOOKUP(B45, 'Списания ВИШенок'!$A$3:$D$1035, 4, 0) -> 17
A46: =ROW()-2 -> 44 | B46: Афонина Василиса Дмитриевна | C46: ШЦТ-211 | D46: =SUM(F46:FR46) -> 2 | E46: =VLOOKUP(B46, 'Списания ВИШенок'!$A$3:$D$1035, 4, 0) -> 49 | AI46: 2
A47: =ROW()-2 -> 45 | B47: Ахмедханов Гайдар Ахмедханович | C47: ШЭТ-111 | D47: =SUM(F47:FR47) -> 0 | E47: =VLOOKUP(B47, 'Списания ВИШенок'!$A$3:$D$1035, 4, 0) -> 0
A48: =ROW()-2 -> 46 | B48: Бабак Егор Николаевич | C48: ШЭТ-111 | D48: =SUM(F48:FR48) -> 0 | E48: =VLOOKUP(B48, 'Списания ВИШенок'!$A$3:$D$1035, 4, 0) -> 0
A49: =ROW()-2 -> 47 | B49: Бабичев Евгений Иванович | C49: ШЦТ-211 | D49: =SUM(F49:FR49) -> 2 | E49: =VLOOKUP(B49, 'Списания ВИШенок'!$A$3:$D$1035, 4, 0) -> 22 | AI49: 2
A50: =ROW()-2 -> 48 | B50: Бабкин Артём Дмитриевич | C50: ШМС-212 | D50: =SUM(F50:FR50) -> 0 | E50: =VLOOKUP(B50, 'Списания ВИШенок'!$A$3:$D$1035, 4, 0) -> 6
A51: =ROW()-2 -> 49 | B51: Бадертдинов Дильназ Дарсинович | C51: ШАД-311 | D51: =SUM(F51:FR51) -> 0 | E51: =VLOOKUP(B51, 'Списания ВИШенок'!$A$3:$D$1035, 4, 0) -> 44
A52: =ROW()-2 -> 50 | B52: Баев Иван Алексеевич | C52: ШЭТ-211 | D52: =SUM(F52:FR52) -> 0 | E52: =VLOOKUP(B52, 'Списания ВИШенок'!$A$3:$D$1035, 4, 0) -> 12
A53: =ROW()-2 -> 51 | B53: Бажанов Михаил Константинович | C53: ШМС-111 | D53: =SUM(F53:FR53) -> 0 | E53: =VLOOKUP(B53, 'Списания ВИШенок'!$A$3:$D$1035, 4, 0) -> 8
A54: =ROW()-2 -> 52 | B54: Баженов Ярослав Евгеньевич | C54: ШМС-111 | D54: =SUM(F54:FR54) -> 0 | E54: =VLOOKUP(B54, 'Списания ВИШенок'!$A$3:$D$1035, 4, 0) -> 19
A55: =ROW()-2 -> 53 | B55: Байбулатов Андрей Олегович | C55: ШМС-411 | D55: =SUM(F55:FR55) -> 0 | E55: =VLOOKUP(B55, 'Списания ВИШенок'!$A$3:$D$1035, 4, 0) -> 56
A56: =ROW()-2 -> 54 | B56: Байдовский Игорь Борисович | C56: ШМС-411 | D56: =SUM(F56:FR56) -> 0 | E56: =VLOOKUP(B56, 'Списания ВИШенок'!$A$3:$D$1035, 4, 0) -> 120
A57: =ROW()-2 -> 55 | B57: Бакайкин Егор Дмитриевич | C57: ШМС-311 | D57: =SUM(F57:FR57) -> 0 | E57: =VLOOKUP(B57, 'Списания ВИШенок'!$A$3:$D$1035, 4, 0) -> 27
A58: =ROW()-2 -> 56 | B58: Балабина Дарья Денисовна | C58: ШЭТ-311 | D58: =SUM(F58:FR58) -> 0 | E58: =VLOOKUP(B58, 'Списания ВИШенок'!$A$3:$D$1035, 4, 0) -> 17
A59: =ROW()-2 -> 57 | B59: Бараков Архип Алексеевич | C59: ШЦТ-111 | D59: =SUM(F59:FR59) -> 0 | E59: =VLOOKUP(B59, 'Списания ВИШенок'!$A$3:$D$1035, 4, 0) -> 8
A60: =ROW()-2 -> 58 | B60: Бараков Богдан Алексеевич | C60: ШТА-271 | D60: =SUM(F60:FR60) -> 0 | E60: =VLOOKUP(B60, 'Списания ВИШенок'!$A$3:$D$1035, 4, 0) -> 0
A61: =ROW()-2 -> 59 | B61: Баранов Владимир Георгиевич | C61: ШАД-311 | D61: =SUM(F61:FR61) -> 0 | E61: =VLOOKUP(B61, 'Списания ВИШенок'!$A$3:$D$1035, 4, 0) -> 40
... A63: =ROW()-2 -> 61 | B63: Баранова Анна Алексеевна | C63: ШАД-411 | D63: =SUM(F63:FR63) -> 0 | E63: =VLOOKUP(B63, 'Списания ВИШенок'!$A$3:$D$1035, 4, 0) -> 77
A64: =ROW()-2 -> 62 | B64: Баранова Людмила Андреевна | C64: ШТД-311 | D64: =SUM(F64:FR64) -> 5 | E64: =VLOOKUP(B64, 'Списания ВИШенок'!$A$3:$D$1035, 4, 0) -> 30 | AR64: 5
A65: =ROW()-2 -> 63 | B65: Баранцев Филипп Алексеевич | C65: ШТД-311 | D65: =SUM(F65:FR65) -> 5 | E65: =VLOOKUP(B65, 'Списания ВИШенок'!$A$3:$D$1035, 4, 0) -> 9 | AR65: 5
A66: =ROW()-2 -> 64 | B66: Барсуков Максим Вячеславович | C66: ШТД-211 | D66: =SUM(F66:FR66) -> 0 | E66: =VLOOKUP(B66, 'Списания ВИШенок'!$A$3:$D$1035, 4, 0) -> 25
A67: =ROW()-2 -> 65 | B67: Бархалов Фёдор Михайлович | C67: ШАД-111 | D67: =SUM(F67:FR67) -> 0 | E67: =VLOOKUP(B67, 'Списания ВИШенок'!$A$3:$D$1035, 4, 0) -> 0
A68: =ROW()-2 -> 66 | B68: Баскаков Дмитрий Александрович | C68: ШТС-111 | D68: =SUM(F68:FR68) -> 5 | E68: =VLOOKUP(B68, 'Списания ВИШенок'!$A$3:$D$1035, 4, 0) -> 11 | AE68: 3 | AI68: 2
A69: =ROW()-2 -> 67 | B69: Баскакова Анна Олеговна | C69: ШТА-271 | D69: =SUM(F69:FR69) -> 0 | E69: =VLOOKUP(B69, 'Списания ВИШенок'!$A$3:$D$1035, 4, 0) -> 0
A70: =ROW()-2 -> 68 | B70: Басманов Дмитрий Алексеевич | C70: ШАД-311 | D70: =SUM(F70:FR70) -> 0 | E70: =VLOOKUP(B70, 'Списания ВИШенок'!$A$3:$D$1035, 4, 0) -> -20
A71: =ROW()-2 -> 69 | B71: Батманов Владимир Андреевич | C71: ШАД-411 | D71: =SUM(F71:FR71) -> 0 | E71: =VLOOKUP(B71, 'Списания ВИШенок'!$A$3:$D$1035, 4, 0) -> 97
A72: =ROW()-2 -> 70 | B72: Батряков Рифат Ринатович | C72: ШТА-171 | D72: =SUM(F72:FR72) -> 0 | E72: =VLOOKUP(B72, 'Списания ВИШенок'!$A$3:$D$1035, 4, 0) -> 0
A73: =ROW()-2 -> 71 | B73: Бахарев Григорий Сергеевич | C73: ШТА-171 | D73: =SUM(F73:FR73) -> 0 | E73: =VLOOKUP(B73, 'Списания ВИШенок'!$A$3:$D$1035, 4, 0) -> 0
A74: =ROW()-2 -> 72 | B74: Беджанов Артем Германович | C74: ШТА-171 | D74: =SUM(F74:FR74) -> 0 | E74: =VLOOKUP(B74, 'Списания ВИШенок'!$A$3:$D$1035, 4, 0) -> 11
A75: =ROW()-2 -> 73 | B75: Безручко Александр Вадимович | C75: ШАДк-111 | D75: =SUM(F75:FR75) -> 0 | E75: =VLOOKUP(B75, 'Списания ВИШенок'!$A$3:$D$1035, 4, 0) -> 0
A76: =ROW()-2 -> 74 | B76: Бекешов Тилек Эдилбекович | C76: ШМС-311 | D76: =SUM(F76:FR76) -> 0 | E76: =VLOOKUP(B76, 'Списания ВИШенок'!$A$3:$D$1035, 4, 0) -> -8
A77: =ROW()-2 -> 75 | B77: Бектурганов Назар Нурланович | C77: ШМС-212 | D77: =SUM(F77:FR77) -> 0 | E77: =VLOOKUP(B77, 'Списания ВИШенок'!$A$3:$D$1035, 4, 0) -> 72
A78: =ROW()-2 -> 76 | B78: Белов Александр Сергеевич | C78: ШЦТ-311 | D78: =SUM(F78:FR78) -> 0 | E78: =VLOOKUP(B78, 'Списания ВИШенок'!$A$3:$D$1035, 4, 0) -> 24
A79: =ROW()-2 -> 77 | B79: Белозерских Павел Сергеевич | C79: ШЦТ-211 | D79: =SUM(F79:FR79) -> 0 | E79: =VLOOKUP(B79, 'Списания ВИШенок'!$A$3:$D$1035, 4, 0) -> 10
A80: =ROW()-2 -> 78 | B80: Белоусов Марк Владимирович | C80: ШЦТ-111 | D80: =SUM(F80:FR80) -> 0 | E80: =VLOOKUP(B80, 'Списания ВИШенок'!$A$3:$D$1035, 4, 0) -> 5
A81: =ROW()-2 -> 79 | B81: Белоусова Александра Андреевна | C81: ШМС-411 | D81: =SUM(F81:FR81) -> 7 | E81: =VLOOKUP(B81, 'Списания ВИШенок'!$A$3:$D$1035, 4, 0) -> 155 | S81: 5 | AI81: 2
A82: =ROW()-2 -> 80 | B82: Беляев Дмитрий Андреевич | C82: ШМС-212 | D82: =SUM(F82:FR82) -> 0 | E82: =VLOOKUP(B82, 'Списания ВИШенок'!$A$3:$D$1035, 4, 0) -> 15
A83: =ROW()-2 -> 81 | B83: Бердникова Анна Михайловна | C83: ШЭТ-311 | D83: =SUM(F83:FR83) -> 0 | E83: =VLOOKUP(B83, 'Списания ВИШенок'!$A$3:$D$1035, 4, 0) -> 47
A84: =ROW()-2 -> 82 | B84: Беренгартен Александр Сергеевич | C84: ШТС-411 | D84: =SUM(F84:FR84) -> 0 | E84: =VLOOKUP(B84, 'Списания ВИШенок'!$A$3:$D$1035, 4, 0) -> 85
A85: =ROW()-2 -> 83 | B85: Беспалова Виктория Константиновна | C85: ШЭТ-111 | D85: =SUM(F85:FR85) -> 0 | E85: =VLOOKUP(B85, 'Списания ВИШенок'!$A$3:$D$1035, 4, 0) -> 0
A86: =ROW()-2 -> 84 | B86: Бессонов Кирилл Олегович | C86: ШАД-411 | D86: =SUM(F86:FR86) -> 0 | E86: =VLOOKUP(B86, 'Списания ВИШенок'!$A$3:$D$1035, 4, 0) -> 71
A87: =ROW()-2 -> 85 | B87: Бирюкова Светлана Александровна | C87: ШТС-111 | D87: =SUM(F87:FR87) -> 33 | E87: =VLOOKUP(B87, 'Списания ВИШенок'!$A$3:$D$1035, 4, 0) -> 75 | J87: 8 | P87: 2 | S87: 5 | U87: 5 | Z87: 8 | AA87: 5
A88: =ROW()-2 -> 86 | B88: Блюмкин Артур Станиславович | C88: ШМС-112 | D88: =SUM(F88:FR88) -> 0 | E88: =VLOOKUP(B88, 'Списания ВИШенок'!$A$3:$D$1035, 4, 0) -> 0
A89: =ROW()-2 -> 87 | B89: Боброва Евгения Дмитриевна | C89: ШТД-111 | D89: =SUM(F89:FR89) -> 0 | E89: =VLOOKUP(B89, 'Списания ВИШенок'!$A$3:$D$1035, 4, 0) -> 4
A90: =ROW()-2 -> 88 | B90: Богданов Богдан Максимович | C90: ШЭТ-311 | D90: =SUM(F90:FR90) -> 0 | E90: =VLOOKUP(B90, 'Списания ВИШенок'!$A$3:$D$1035, 4, 0) -> 7
A91: =ROW()-2 -> 89 | B91: Бодрягин Иван Антонович | C91: ШИН-171 | D91: =SUM(F91:FR91) -> 0 | E91: =VLOOKUP(B91, 'Списания ВИШенок'!$A$3:$D$1035, 4, 0) -> -35
A92: =ROW()-2 -> 90 | B92: Божина Анастасия Сергеевна | C92: ШТС-311 | D92: =SUM(F92:FR92) -> 5 | E92: =VLOOKUP(B92, 'Списания ВИШенок'!$A$3:$D$1035, 4, 0) -> 95 | AG92: 3 | AI92: 2
A93: =ROW()-2 -> 91 | B93: Болдырев Сергей Викторович | C93: ШАД-111 | D93: =SUM(F93:FR93) -> 11 | E93: =VLOOKUP(B93, 'Списания ВИШенок'!$A$3:$D$1035, 4, 0) -> 24 | AG93: 3 | AL93: 8
A94: =ROW()-2 -> 92 | B94: Бондарев Виталий Андреевич | C94: ШТС-111 | D94: =SUM(F94:FR94) -> 0 | E94: =VLOOKUP(B94, 'Списания ВИШенок'!$A$3:$D$1035, 4, 0) -> 0
A95: =ROW()-2 -> 93 | B95: Бондин Сергей Сергеевич | C95: ШМС-212 | D95: =SUM(F95:FR95) -> 0 | E95: =VLOOKUP(B95, 'Списания ВИШенок'!$A$3:$D$1035, 4, 0) -> 34
A96: =ROW()-2 -> 94 | B96: Бончев Глеб Павлович | C96: ШЦТ-111 | D96: =SUM(F96:FR96) -> 2 | E96: =VLOOKUP(B96, 'Списания ВИШенок'!$A$3:$D$1035, 4, 0) -> 19 | AI96: 2
A97: =ROW()-2 -> 95 | B97: Борискин Даниил Дмитриевич | C97: ШЭТ-111 | D97: =SUM(F97:FR97) -> 0 | E97: =VLOOKUP(B97, 'Списания ВИШенок'!$A$3:$D$1035, 4, 0) -> 0
A98: =ROW()-2 -> 96 | B98: Борисов Алексей Кириллович | C98: ШАД-111 | D98: =SUM(F98:FR98) -> 0 | E98: =VLOOKUP(B98, 'Списания ВИШенок'!$A$3:$D$1035, 4, 0) -> 0
A99: =ROW()-2 -> 97 | B99: Борожапов Саян Самбуевич | C99: ПУИ-271 | D99: =SUM(F99:FR99) -> 0 | E99: =VLOOKUP(B99, 'Списания ВИШенок'!$A$3:$D$1035, 4, 0) -> 0
A100: =ROW()-2 -> 98 | B100: Борушков Артём Антонович | C100: ШМС-111 | D100: =SUM(F100:FR100) -> 2 | E100: =VLOOKUP(B100, 'Списания ВИШенок'!$A$3:$D$1035, 4, 0) -> 5 | AI100: 2
A101: =ROW()-2 -> 99 | B101: Бочаров Степан Дмитриевич | C101: ШЦТ-211 | D101: =SUM(F101:FR101) -> 0 | E101: =VLOOKUP(B101, 'Списания ВИШенок'!$A$3:$D$1035, 4, 0) -> 36
A102: =ROW()-2 -> 100 | B102: Бочкарев Владимир Владимирович | C102: ШТС-311 | D102: =SUM(F102:FR102) -> 0 | E102: =VLOOKUP(B102, 'Списания ВИШенок'!$A$3:$D$1035, 4, 0) -> 17
...

Sheet Списания ВИШенок
A1: ФИО | B1: Учебная группа | C1: Накоплено ВИШенок | D1: Доступно для списания | E1: Покупки | O1: ШТРАФ (АНТИвишенки)
E2: Браслет ВИШ | F2: Блокнот ПИШ | G2: Картхолдер ПИШ | H2: Футболка ВИШ | I2: Футболка ПИШ | J2: Термокружка ПИШ | K2: Бутылка ВИШ | L2: Носки ВИШ | M2: Носки ПИШ | N2: Стикерпак ВИШ | O2: Описание | P2: Кол-во | Q2: Описание | R2: Кол-во
A3: Абашев Руслан Евгеньевич | B3: ШЦТ-211 | C3: =IF(ISNA(VLOOKUP(A3, '1-ый семестр 20252026'!$B$3:$D$1014, 3, 0)), 0, VLOOKUP(A3, '1-ый семестр 20252026'!$B$3:$D$1979, 3, 0)) + IF(ISNA(VLOOKUP(A3, '2-ой семестр 20252026'!$B$3:$D$1952, 3, 0)), 0, VLOOKUP(A3, '2-ой семестр 20252026'!$B$3:$D$1952, 3, 0)) -> 0 | D3: =IFERROR(VLOOKUP(A3,'ВИШенки за предыдущие года'!$A$2:B1035,2,0),0) + C3 - SUM(E3:AA3) -> 10
A4: Абдуллаев Сеймур Сабухиевич | B4: ШЭТ-111 | C4: =IF(ISNA(VLOOKUP(A4, '1-ый семестр 20252026'!$B$3:$D$1014, 3, 0)), 0, VLOOKUP(A4, '1-ый семестр 20252026'!$B$3:$D$1979, 3, 0)) + IF(ISNA(VLOOKUP(A4, '2-ой семестр 20252026'!$B$3:$D$1952, 3, 0)), 0, VLOOKUP(A4, '2-ой семестр 20252026'!$B$3:$D$1952, 3, 0)) -> 0 | D4: =IFERROR(VLOOKUP(A4,'ВИШенки за предыдущие года'!$A$2:B1910,2,0),0) + C4 - SUM(E4:AA4) -> 0
A5: Абдуллаева Сайкал Замирбековна | B5: ШТД-311 | C5: =IF(ISNA(VLOOKUP(A5, '1-ый семестр 20252026'!$B$3:$D$1014, 3, 0)), 0, VLOOKUP(A5, '1-ый семестр 20252026'!$B$3:$D$1979, 3, 0)) + IF(ISNA(VLOOKUP(A5, '2-ой семестр 20252026'!$B$3:$D$1952, 3, 0)), 0, VLOOKUP(A5, '2-ой семестр 20252026'!$B$3:$D$1952, 3, 0)) -> 13 | D5: =IFERROR(VLOOKUP(A5,'ВИШенки за предыдущие года'!$A$2:B1036,2,0),0) + C5 - SUM(E5:AA5) -> 27
A6: Абраамян Феликс Овикович | B6: ШАДк-111 | C6: =IF(ISNA(VLOOKUP(A6, '1-ый семестр 20252026'!$B$3:$D$1014, 3, 0)), 0, VLOOKUP(A6, '1-ый семестр 20252026'!$B$3:$D$1979, 3, 0)) + IF(ISNA(VLOOKUP(A6, '2-ой семестр 20252026'!$B$3:$D$1952, 3, 0)), 0, VLOOKUP(A6, '2-ой семестр 20252026'!$B$3:$D$1952, 3, 0)) -> 0 | D6: =IFERROR(VLOOKUP(A6,'ВИШенки за предыдущие года'!$A$2:B1716,2,0),0) + C6 - SUM(E6:AA6) -> 0
A7: Абраменков Антон Александрович | B7: ШМС-411 | C7: =IF(ISNA(VLOOKUP(A7, '1-ый семестр 20252026'!$B$3:$D$1014, 3, 0)), 0, VLOOKUP(A7, '1-ый семестр 20252026'!$B$3:$D$1979, 3, 0)) + IF(ISNA(VLOOKUP(A7, '2-ой семестр 20252026'!$B$3:$D$1952, 3, 0)), 0, VLOOKUP(A7, '2-ой семестр 20252026'!$B$3:$D$1952, 3, 0)) -> 0 | D7: =IFERROR(VLOOKUP(A7,'ВИШенки за предыдущие года'!$A$2:B1037,2,0),0) + C7 - SUM(E7:AA7) -> 18
A8: Абрамов Алексей Константинович | B8: ППС-441 | C8: =IF(ISNA(VLOOKUP(A8, '1-ый семестр 20252026'!$B$3:$D$1014, 3, 0)), 0, VLOOKUP(A8, '1-ый семестр 20252026'!$B$3:$D$1979, 3, 0)) + IF(ISNA(VLOOKUP(A8, '2-ой семестр 20252026'!$B$3:$D$1952, 3, 0)), 0, VLOOKUP(A8, '2-ой семестр 20252026'!$B$3:$D$1952, 3, 0)) -> 20 | D8: =IFERROR(VLOOKUP(A8,'ВИШенки за предыдущие года'!$A$2:B1973,2,0),0) + C8 - SUM(E8:AA8) -> 20
A9: Абрамова Анна Олеговна | B9: ШЦТ-111 | C9: =IF(ISNA(VLOOKUP(A9, '1-ый семестр 20252026'!$B$3:$D$1014, 3, 0)), 0, VLOOKUP(A9, '1-ый семестр 20252026'!$B$3:$D$1979, 3, 0)) + IF(ISNA(VLOOKUP(A9, '2-ой семестр 20252026'!$B$3:$D$1952, 3, 0)), 0, VLOOKUP(A9, '2-ой семестр 20252026'!$B$3:$D$1952, 3, 0)) -> 9 | D9: =IFERROR(VLOOKUP(A9,'ВИШенки за предыдущие года'!$A$2:B1876,2,0),0) + C9 - SUM(E9:AA9) -> 9
A10: Абросимов Никита Михайлович | B10: ПИН-171 | C10: =IF(ISNA(VLOOKUP(A10, '1-ый семестр 20252026'!$B$3:$D$1014, 3, 0)), 0, VLOOKUP(A10, '1-ый семестр 20252026'!$B$3:$D$1979, 3, 0)) + IF(ISNA(VLOOKUP(A10, '2-ой семестр 20252026'!$B$3:$D$1952, 3, 0)), 0, VLOOKUP(A10, '2-ой семестр 20252026'!$B$3:$D$1952, 3, 0)) -> 13 | D10: =IFERROR(VLOOKUP(A10,'ВИШенки за предыдущие года'!$A$2:B1616,2,0),0) + C10 - SUM(E10:AA10) -> 44
A11: Абросимов Никита Михайлович | B11: ПИН-171 | C11: =IF(ISNA(VLOOKUP(A11, '1-ый семестр 20252026'!$B$3:$D$1014, 3, 0)), 0, VLOOKUP(A11, '1-ый семестр 20252026'!$B$3:$D$1979, 3, 0)) + IF(ISNA(VLOOKUP(A11, '2-ой семестр 20252026'!$B$3:$D$1952, 3, 0)), 0, VLOOKUP(A11, '2-ой семестр 20252026'!$B$3:$D$1952, 3, 0)) -> 13 | D11: =IFERROR(VLOOKUP(A11,'ВИШенки за предыдущие года'!$A$2:B2019,2,0),0) + C11 - SUM(E11:AA11) -> 44
A12: Аверина Елизавета Алексеевна | B12: ШАД-412 | C12: =IF(ISNA(VLOOKUP(A12, '1-ый семестр 20252026'!$B$3:$D$1014, 3, 0)), 0, VLOOKUP(A12, '1-ый семестр 20252026'!$B$3:$D$1979, 3, 0)) + IF(ISNA(VLOOKUP(A12, '2-ой семестр 20252026'!$B$3:$D$1952, 3, 0)), 0, VLOOKUP(A12, '2-ой семестр 20252026'!$B$3:$D$1952, 3, 0)) -> 0 | D12: =IFERROR(VLOOKUP(A12,'ВИШенки за предыдущие года'!$A$2:B1038,2,0),0) + C12 - SUM(E12:AA12) -> 15
A13: Айткалиева Александра Камидуллаевна | B13: ПСЭ-441 | C13: =IF(ISNA(VLOOKUP(A13, '1-ый семестр 20252026'!$B$3:$D$1014, 3, 0)), 0, VLOOKUP(A13, '1-ый семестр 20252026'!$B$3:$D$1979, 3, 0)) + IF(ISNA(VLOOKUP(A13, '2-ой семестр 20252026'!$B$3:$D$1952, 3, 0)), 0, VLOOKUP(A13, '2-ой семестр 20252026'!$B$3:$D$1952, 3, 0)) -> 43 | D13: =IFERROR(VLOOKUP(A13,'ВИШенки за предыдущие года'!$A$2:B1974,2,0),0) + C13 - SUM(E13:AA13) -> 43
A14: Акимов Александр Алексеевич | B14: ШАД-311 | C14: =IF(ISNA(VLOOKUP(A14, '1-ый семестр 20252026'!$B$3:$D$1014, 3, 0)), 0, VLOOKUP(A14, '1-ый семестр 20252026'!$B$3:$D$1979, 3, 0)) + IF(ISNA(VLOOKUP(A14, '2-ой семестр 20252026'!$B$3:$D$1952, 3, 0)), 0, VLOOKUP(A14, '2-ой семестр 20252026'!$B$3:$D$1952, 3, 0)) -> 19 | D14: =IFERROR(VLOOKUP(A14,'ВИШенки за предыдущие года'!$A$2:B1039,2,0),0) + C14 - SUM(E14:AA14) -> 21
A15: Аккуратнова София Александровна | B15: ШМС-111 | C15: =IF(ISNA(VLOOKUP(A15, '1-ый семестр 20252026'!$B$3:$D$1014, 3, 0)), 0, VLOOKUP(A15, '1-ый семестр 20252026'!$B$3:$D$1979, 3, 0)) + IF(ISNA(VLOOKUP(A15, '2-ой семестр 20252026'!$B$3:$D$1952, 3, 0)), 0, VLOOKUP(A15, '2-ой семестр 20252026'!$B$3:$D$1952, 3, 0)) -> 7 | D15: =IFERROR(VLOOKUP(A15,'ВИШенки за предыдущие года'!$A$2:B1741,2,0),0) + C15 - SUM(E15:AA15) -> -43 | K15: 50
A16: Акопян Артур Николаевич | B16: ШАДк-111 | C16: =IF(ISNA(VLOOKUP(A16, '1-ый семестр 20252026'!$B$3:$D$1014, 3, 0)), 0, VLOOKUP(A16, '1-ый семестр 20252026'!$B$3:$D$1979, 3, 0)) + IF(ISNA(VLOOKUP(A16, '2-ой семестр 20252026'!$B$3:$D$1952, 3, 0)), 0, VLOOKUP(A16, '2-ой семестр 20252026'!$B$3:$D$1952, 3, 0)) -> 5 | D16: =IFERROR(VLOOKUP(A16,'ВИШенки за предыдущие года'!$A$2:B1717,2,0),0) + C16 - SUM(E16:AA16) -> 5
A17: Аксенов Александр Иванович | B17: ШЭТ-311 | C17: =IF(ISNA(VLOOKUP(A17, '1-ый семестр 20252026'!$B$3:$D$1014, 3, 0)), 0, VLOOKUP(A17, '1-ый семестр 20252026'!$B$3:$D$1979, 3, 0)) + IF(ISNA(VLOOKUP(A17, '2-ой семестр 20252026'!$B$3:$D$1952, 3, 0)), 0, VLOOKUP(A17, '2-ой семестр 20252026'!$B$3:$D$1952, 3, 0)) -> 144 | D17: =IFERROR(VLOOKUP(A17,'ВИШенки за предыдущие года'!$A$2:B1040,2,0),0) + C17 - SUM(E17:AA17) -> 219
A18: Алеев Андрей Романович | B18: ШАД-411 | C18: =IF(ISNA(VLOOKUP(A18, '1-ый семестр 20252026'!$B$3:$D$1014, 3, 0)), 0, VLOOKUP(A18, '1-ый семестр 20252026'!$B$3:$D$1979, 3, 0)) + IF(ISNA(VLOOKUP(A18, '2-ой семестр 20252026'!$B$3:$D$1952, 3, 0)), 0, VLOOKUP(A18, '2-ой семестр 20252026'!$B$3:$D$1952, 3, 0)) -> 6 | D18: =IFERROR(VLOOKUP(A18,'ВИШенки за предыдущие года'!$A$2:B1041,2,0),0) + C18 - SUM(E18:AA18) -> 68
A19: Алексеев Константин Игоревича | B19: ПСЭ-441 | C19: =IF(ISNA(VLOOKUP(A19, '1-ый семестр 20252026'!$B$3:$D$1014, 3, 0)), 0, VLOOKUP(A19, '1-ый семестр 20252026'!$B$3:$D$1979, 3, 0)) + IF(ISNA(VLOOKUP(A19, '2-ой семестр 20252026'!$B$3:$D$1952, 3, 0)), 0, VLOOKUP(A19, '2-ой семестр 20252026'!$B$3:$D$1952, 3, 0)) -> 31 | D19: =IFERROR(VLOOKUP(A19,'ВИШенки за предыдущие года'!$A$2:B1975,2,0),0) + C19 - SUM(E19:AA19) -> 31
A20: Алидарова Самира Зафидиновна | B20: ШЭТ-411 | C20: =IF(ISNA(VLOOKUP(A20, '1-ый семестр 20252026'!$B$3:$D$1014, 3, 0)), 0, VLOOKUP(A20, '1-ый семестр 20252026'!$B$3:$D$1979, 3, 0)) + IF(ISNA(VLOOKUP(A20, '2-ой семестр 20252026'!$B$3:$D$1952, 3, 0)), 0, VLOOKUP(A20, '2-ой семестр 20252026'!$B$3:$D$1952, 3, 0)) -> 0 | D20: =IFERROR(VLOOKUP(A20,'ВИШенки за предыдущие года'!$A$2:B1042,2,0),0) + C20 - SUM(E20:AA20) -> 49
A21: Алиев Саид Асламбекович | B21: ШМС-212 | C21: =IF(ISNA(VLOOKUP(A21, '1-ый семестр 20252026'!$B$3:$D$1014, 3, 0)), 0, VLOOKUP(A21, '1-ый семестр 20252026'!$B$3:$D$1979, 3, 0)) + IF(ISNA(VLOOKUP(A21, '2-ой семестр 20252026'!$B$3:$D$1952, 3, 0)), 0, VLOOKUP(A21, '2-ой семестр 20252026'!$B$3:$D$1952, 3, 0)) -> 0 | D21: =IFERROR(VLOOKUP(A21,'ВИШенки за предыдущие года'!$A$2:B1043,2,0),0) + C21 - SUM(E21:AA21) -> 22
A22: Алферов Кирилл Александрович | B22: ШАД-111 | C22: =IF(ISNA(VLOOKUP(A22, '1-ый семестр 20252026'!$B$3:$D$1014, 3, 0)), 0, VLOOKUP(A22, '1-ый семестр 20252026'!$B$3:$D$1979, 3, 0)) + IF(ISNA(VLOOKUP(A22, '2-ой семестр 20252026'!$B$3:$D$1952, 3, 0)), 0, VLOOKUP(A22, '2-ой семестр 20252026'!$B$3:$D$1952, 3, 0)) -> 5 | D22: =IFERROR(VLOOKUP(A22,'ВИШенки за предыдущие года'!$A$2:B1683,2,0),0) + C22 - SUM(E22:AA22) -> 5
A23: Андреев Андрей Сергеевич | B23: ШЦТ-111 | C23: =IF(ISNA(VLOOKUP(A23, '1-ый семестр 20252026'!$B$3:$D$1014, 3, 0)), 0, VLOOKUP(A23, '1-ый семестр 20252026'!$B$3:$D$1979, 3, 0)) + IF(ISNA(VLOOKUP(A23, '2-ой семестр 20252026'!$B$3:$D$1952, 3, 0)), 0, VLOOKUP(A23, '2-ой семестр 20252026'!$B$3:$D$1952, 3, 0)) -> 24 | D23: =IFERROR(VLOOKUP(A23,'ВИШенки за предыдущие года'!$A$2:B1877,2,0),0) + C23 - SUM(E23:AA23) -> 24
A24: Андреев Артём Игоревич | B24: ШТА-271 | C24: =IF(ISNA(VLOOKUP(A24, '1-ый семестр 20252026'!$B$3:$D$1014, 3, 0)), 0, VLOOKUP(A24, '1-ый семестр 20252026'!$B$3:$D$1979, 3, 0)) + IF(ISNA(VLOOKUP(A24, '2-ой семестр 20252026'!$B$3:$D$1952, 3, 0)), 0, VLOOKUP(A24, '2-ой семестр 20252026'!$B$3:$D$1952, 3, 0)) -> 0 | D24: =IFERROR(VLOOKUP(A24,'ВИШенки за предыдущие года'!$A$2:B1044,2,0),0) + C24 - SUM(E24:AA24) -> -20
A25: Андреев Даниил Игоревич | B25: ШТС-311 | C25: =IF(ISNA(VLOOKUP(A25, '1-ый семестр 20252026'!$B$3:$D$1014, 3, 0)), 0, VLOOKUP(A25, '1-ый семестр 20252026'!$B$3:$D$1979, 3, 0)) + IF(ISNA(VLOOKUP(A25, '2-ой семестр 20252026'!$B$3:$D$1952, 3, 0)), 0, VLOOKUP(A25, '2-ой семестр 20252026'!$B$3:$D$1952, 3, 0)) -> 2 | D25: =IFERROR(VLOOKUP(A25,'ВИШенки за предыдущие года'!$A$2:B1045,2,0),0) + C25 - SUM(E25:AA25) -> 48
A26: Андреев Иван Александрович | B26: ШАД-311 | C26: =IF(ISNA(VLOOKUP(A26, '1-ый семестр 20252026'!$B$3:$D$1014, 3, 0)), 0, VLOOKUP(A26, '1-ый семестр 20252026'!$B$3:$D$1979, 3, 0)) + IF(ISNA(VLOOKUP(A26, '2-ой семестр 20252026'!$B$3:$D$1952, 3, 0)), 0, VLOOKUP(A26, '2-ой семестр 20252026'!$B$3:$D$1952, 3, 0)) -> 0 | D26: =IFERROR(VLOOKUP(A26,'ВИШенки за предыдущие года'!$A$2:B1046,2,0),0) + C26 - SUM(E26:AA26) -> 29
A27: Антонов Владимир Сергеевич | B27: ШТД-211 | C27: =IF(ISNA(VLOOKUP(A27, '1-ый семестр 20252026'!$B$3:$D$1014, 3, 0)), 0, VLOOKUP(A27, '1-ый семестр 20252026'!$B$3:$D$1979, 3, 0)) + IF(ISNA(VLOOKUP(A27, '2-ой семестр 20252026'!$B$3:$D$1952, 3, 0)), 0, VLOOKUP(A27, '2-ой семестр 20252026'!$B$3:$D$1952, 3, 0)) -> 0 | D27: =IFERROR(VLOOKUP(A27,'ВИШенки за предыдущие года'!$A$2:B1047,2,0),0) + C27 - SUM(E27:AA27) -> 13
A28: Антонов Иван Алексеевич | B28: ПИН-171 | C28: =IF(ISNA(VLOOKUP(A28, '1-ый семестр 20252026'!$B$3:$D$1014, 3, 0)), 0, VLOOKUP(A28, '1-ый семестр 20252026'!$B$3:$D$1979, 3, 0)) + IF(ISNA(VLOOKUP(A28, '2-ой семестр 20252026'!$B$3:$D$1952, 3, 0)), 0, VLOOKUP(A28, '2-ой семестр 20252026'!$B$3:$D$1952, 3, 0)) -> 0 | D28: =IFERROR(VLOOKUP(A28,'ВИШенки за предыдущие года'!$A$2:B1617,2,0),0) + C28 - SUM(E28:AA28) -> -42
A29: Антонов Иван Алексеевич | B29: ПИН-171 | C29: =IF(ISNA(VLOOKUP(A29, '1-ый семестр 20252026'!$B$3:$D$1014, 3, 0)), 0, VLOOKUP(A29, '1-ый семестр 20252026'!$B$3:$D$1979, 3, 0)) + IF(ISNA(VLOOKUP(A29, '2-ой семестр 20252026'!$B$3:$D$1952, 3, 0)), 0, VLOOKUP(A29, '2-ой семестр 20252026'!$B$3:$D$1952, 3, 0)) -> 0 | D29: =IFERROR(VLOOKUP(A29,'ВИШенки за предыдущие года'!$A$2:B2020,2,0),0) + C29 - SUM(E29:AA29) -> -42
A30: Ануфриев Семен Михайлович | B30: ПИН-171 | C30: =IF(ISNA(VLOOKUP(A30, '1-ый семестр 20252026'!$B$3:$D$1014, 3, 0)), 0, VLOOKUP(A30, '1-ый семестр 20252026'!$B$3:$D$1979, 3, 0)) + IF(ISNA(VLOOKUP(A30, '2-ой семестр 20252026'!$B$3:$D$1952, 3, 0)), 0, VLOOKUP(A30, '2-ой семестр 20252026'!$B$3:$D$1952, 3, 0)) -> 0 | D30: =IFERROR(VLOOKUP(A30,'ВИШенки за предыдущие года'!$A$2:B1618,2,0),0) + C30 - SUM(E30:AA30) -> 67
A31: Ануфриев Семен Михайлович | B31: ПИН-171 | C31: =IF(ISNA(VLOOKUP(A31, '1-ый семестр 20252026'!$B$3:$D$1014, 3, 0)), 0, VLOOKUP(A31, '1-ый семестр 20252026'!$B$3:$D$1979, 3, 0)) + IF(ISNA(VLOOKUP(A31, '2-ой семестр 20252026'!$B$3:$D$1952, 3, 0)), 0, VLOOKUP(A31, '2-ой семестр 20252026'!$B$3:$D$1952, 3, 0)) -> 0 | D31: =IFERROR(VLOOKUP(A31,'ВИШенки за предыдущие года'!$A$2:B2021,2,0),0) + C31 - SUM(E31:AA31) -> 67
A32: Апреликова Ксения Александровна | B32: ШАД-211 | C32: =IF(ISNA(VLOOKUP(A32, '1-ый семестр 20252026'!$B$3:$D$1014, 3, 0)), 0, VLOOKUP(A32, '1-ый семестр 20252026'!$B$3:$D$1979, 3, 0)) + IF(ISNA(VLOOKUP(A32, '2-ой семестр 20252026'!$B$3:$D$1952, 3, 0)), 0, VLOOKUP(A32, '2-ой семестр 20252026'!$B$3:$D$1952, 3, 0)) -> 0 | D32: =IFERROR(VLOOKUP(A32,'ВИШенки за предыдущие года'!$A$2:B1048,2,0),0) + C32 - SUM(E32:AA32) -> 22
A33: Аргунов Леонид Эдуардович | B33: ШАД-412 | C33: =IF(ISNA(VLOOKUP(A33, '1-ый семестр 20252026'!$B$3:$D$1014, 3, 0)), 0, VLOOKUP(A33, '1-ый семестр 20252026'!$B$3:$D$1979, 3, 0)) + IF(ISNA(VLOOKUP(A33, '2-ой семестр 20252026'!$B$3:$D$1952, 3, 0)), 0, VLOOKUP(A33, '2-ой семестр 20252026'!$B$3:$D$1952, 3, 0)) -> 0 | D33: =IFERROR(VLOOKUP(A33,'ВИШенки за предыдущие года'!$A$2:B1049,2,0),0) + C33 - SUM(E33:AA33) -> 42
A34: Аржанников Семён Евгеньевич | B34: ШЦТ-311 | C34: =IF(ISNA(VLOOKUP(A34, '1-ый семестр 20252026'!$B$3:$D$1014, 3, 0)), 0, VLOOKUP(A34, '1-ый семестр 20252026'!$B$3:$D$1979, 3, 0)) + IF(ISNA(VLOOKUP(A34, '2-ой семестр 20252026'!$B$3:$D$1952, 3, 0)), 0, VLOOKUP(A34, '2-ой семестр 20252026'!$B$3:$D$1952, 3, 0)) -> 0 | D34: =IFERROR(VLOOKUP(A34,'ВИШенки за предыдущие года'!$A$2:B1050,2,0),0) + C34 - SUM(E34:AA34) -> 15
A35: Ароев Андрей Александрович | B35: ШАДк-111 | C35: =IF(ISNA(VLOOKUP(A35, '1-ый семестр 20252026'!$B$3:$D$1014, 3, 0)), 0, VLOOKUP(A35, '1-ый семестр 20252026'!$B$3:$D$1979, 3, 0)) + IF(ISNA(VLOOKUP(A35, '2-ой семестр 20252026'!$B$3:$D$1952, 3, 0)), 0, VLOOKUP(A35, '2-ой семестр 20252026'!$B$3:$D$1952, 3, 0)) -> 0 | D35: =IFERROR(VLOOKUP(A35,'ВИШенки за предыдущие года'!$A$2:B1718,2,0),0) + C35 - SUM(E35:AA35) -> 0
A36: Артемов Антон Андреевич | B36: ШМС-211 | C36: =IF(ISNA(VLOOKUP(A36, '1-ый семестр 20252026'!$B$3:$D$1014, 3, 0)), 0, VLOOKUP(A36, '1-ый семестр 20252026'!$B$3:$D$1979, 3, 0)) + IF(ISNA(VLOOKUP(A36, '2-ой семестр 20252026'!$B$3:$D$1952, 3, 0)), 0, VLOOKUP(A36, '2-ой семестр 20252026'!$B$3:$D$1952, 3, 0)) -> 0 | D36: =IFERROR(VLOOKUP(A36,'ВИШенки за предыдущие года'!$A$2:B1051,2,0),0) + C36 - SUM(E36:AA36) -> 10
A37: Артемова Анастасия Дмитриевна | B37: ШЦТ-311 | C37: =IF(ISNA(VLOOKUP(A37, '1-ый семестр 20252026'!$B$3:$D$1014, 3, 0)), 0, VLOOKUP(A37, '1-ый семестр 20252026'!$B$3:$D$1979, 3, 0)) + IF(ISNA(VLOOKUP(A37, '2-ой семестр 20252026'!$B$3:$D$1952, 3, 0)), 0, VLOOKUP(A37, '2-ой семестр 20252026'!$B$3:$D$1952, 3, 0)) -> 8 | D37: =IFERROR(VLOOKUP(A37,'ВИШенки за предыдущие года'!$A$2:B1052,2,0),0) + C37 - SUM(E37:AA37) -> 30
A38: Арцышевский Иван Сергеевич | B38: ШЭТ-111 | C38: =IF(ISNA(VLOOKUP(A38, '1-ый семестр 20252026'!$B$3:$D$1014, 3, 0)), 0, VLOOKUP(A38, '1-ый семестр 20252026'!$B$3:$D$1979, 3, 0)) + IF(ISNA(VLOOKUP(A38, '2-ой семестр 20252026'!$B$3:$D$1952, 3, 0)), 0, VLOOKUP(A38, '2-ой семестр 20252026'!$B$3:$D$1952, 3, 0)) -> 0 | D38: =IFERROR(VLOOKUP(A38,'ВИШенки за предыдущие года'!$A$2:B1911,2,0),0) + C38 - SUM(E38:AA38) -> 0
A39: Асанов Артём Игоревич | B39: ШЭТ-211 | C39: =IF(ISNA(VLOOKUP(A39, '1-ый семестр 20252026'!$B$3:$D$1014, 3, 0)), 0, VLOOKUP(A39, '1-ый семестр 20252026'!$B$3:$D$1979, 3, 0)) + IF(ISNA(VLOOKUP(A39, '2-ой семестр 20252026'!$B$3:$D$1952, 3, 0)), 0, VLOOKUP(A39, '2-ой семестр 20252026'!$B$3:$D$1952, 3, 0)) -> 17 | D39: =IFERROR(VLOOKUP(A39,'ВИШенки за предыдущие года'!$A$2:B1053,2,0),0) + C39 - SUM(E39:AA39) -> 36
A40: Ассельборн Максим Алексеевич | B40: ШТС-111 | C40: =IF(ISNA(VLOOKUP(A40, '1-ый семестр 20252026'!$B$3:$D$1014, 3, 0)), 0, VLOOKUP(A40, '1-ый семестр 20252026'!$B$3:$D$1979, 3, 0)) + IF(ISNA(VLOOKUP(A40, '2-ой семестр 20252026'!$B$3:$D$1952, 3, 0)), 0, VLOOKUP(A40, '2-ой семестр 20252026'!$B$3:$D$1952, 3, 0)) -> 62 | D40: =IFERROR(VLOOKUP(A40,'ВИШенки за предыдущие года'!$A$2:B1842,2,0),0) + C40 - SUM(E40:AA40) -> 62
A41: Астафьева Юлия Андреевна | B41: ШМС-112 | C41: =IF(ISNA(VLOOKUP(A41, '1-ый семестр 20252026'!$B$3:$D$1014, 3, 0)), 0, VLOOKUP(A41, '1-ый семестр 20252026'!$B$3:$D$1979, 3, 0)) + IF(ISNA(VLOOKUP(A41, '2-ой семестр 20252026'!$B$3:$D$1952, 3, 0)), 0, VLOOKUP(A41, '2-ой семестр 20252026'!$B$3:$D$1952, 3, 0)) -> 0 | D41: =IFERROR(VLOOKUP(A41,'ВИШенки за предыдущие года'!$A$2:B1777,2,0),0) + C41 - SUM(E41:AA41) -> 0
A42: Астахов Владислав Сергеевич | B42: ШТС-411 | C42: =IF(ISNA(VLOOKUP(A42, '1-ый семестр 20252026'!$B$3:$D$1014, 3, 0)), 0, VLOOKUP(A42, '1-ый семестр 20252026'!$B$3:$D$1979, 3, 0)) + IF(ISNA(VLOOKUP(A42, '2-ой семестр 20252026'!$B$3:$D$1952, 3, 0)), 0, VLOOKUP(A42, '2-ой семестр 20252026'!$B$3:$D$1952, 3, 0)) -> 24 | D42: =IFERROR(VLOOKUP(A42,'ВИШенки за предыдущие года'!$A$2:B1054,2,0),0) + C42 - SUM(E42:AA42) -> 100
A43: Асташов Илья Алексеевич | B43: ШТД-211 | C43: =IF(ISNA(VLOOKUP(A43, '1-ый семестр 20252026'!$B$3:$D$1014, 3, 0)), 0, VLOOKUP(A43, '1-ый семестр 20252026'!$B$3:$D$1979, 3, 0)) + IF(ISNA(VLOOKUP(A43, '2-ой семестр 20252026'!$B$3:$D$1952, 3, 0)), 0, VLOOKUP(A43, '2-ой семестр 20252026'!$B$3:$D$1952, 3, 0)) -> 0 | D43: =IFERROR(VLOOKUP(A43,'ВИШенки за предыдущие года'!$A$2:B1055,2,0),0) + C43 - SUM(E43:AA43) -> 0
A44: Астрейко Иван Сергеевич | B44: ШЦТ-111 | C44: =IF(ISNA(VLOOKUP(A44, '1-ый семестр 20252026'!$B$3:$D$1014, 3, 0)), 0, VLOOKUP(A44, '1-ый семестр 20252026'!$B$3:$D$1979, 3, 0)) + IF(ISNA(VLOOKUP(A44, '2-ой семестр 20252026'!$B$3:$D$1952, 3, 0)), 0, VLOOKUP(A44, '2-ой семестр 20252026'!$B$3:$D$1952, 3, 0)) -> 8 | D44: =IFERROR(VLOOKUP(A44,'ВИШенки за предыдущие года'!$A$2:B1878,2,0),0) + C44 - SUM(E44:AA44) -> 8
A45: Атражев Илья Михайлович | B45: ШТД-411 | C45: =IF(ISNA(VLOOKUP(A45, '1-ый семестр 20252026'!$B$3:$D$1014, 3, 0)), 0, VLOOKUP(A45, '1-ый семестр 20252026'!$B$3:$D$1979, 3, 0)) + IF(ISNA(VLOOKUP(A45, '2-ой семестр 20252026'!$B$3:$D$1952, 3, 0)), 0, VLOOKUP(A45, '2-ой семестр 20252026'!$B$3:$D$1952, 3, 0)) -> 0 | D45: =IFERROR(VLOOKUP(A45,'ВИШенки за предыдущие года'!$A$2:B1056,2,0),0) + C45 - SUM(E45:AA45) -> 17
A46: Афонина Василиса Дмитриевна | B46: ШЦТ-211 | C46: =IF(ISNA(VLOOKUP(A46, '1-ый семестр 20252026'!$B$3:$D$1014, 3, 0)), 0, VLOOKUP(A46, '1-ый семестр 20252026'!$B$3:$D$1979, 3, 0)) + IF(ISNA(VLOOKUP(A46, '2-ой семестр 20252026'!$B$3:$D$1952, 3, 0)), 0, VLOOKUP(A46, '2-ой семестр 20252026'!$B$3:$D$1952, 3, 0)) -> 2 | D46: =IFERROR(VLOOKUP(A46,'ВИШенки за предыдущие года'!$A$2:B1057,2,0),0) + C46 - SUM(E46:AA46) -> 49
A47: Ахмедханов Гайдар Ахмедханович | B47: ШЭТ-111 | C47: =IF(ISNA(VLOOKUP(A47, '1-ый семестр 20252026'!$B$3:$D$1014, 3, 0)), 0, VLOOKUP(A47, '1-ый семестр 20252026'!$B$3:$D$1979, 3, 0)) + IF(ISNA(VLOOKUP(A47, '2-ой семестр 20252026'!$B$3:$D$1952, 3, 0)), 0, VLOOKUP(A47, '2-ой семестр 20252026'!$B$3:$D$1952, 3, 0)) -> 0 | D47: =IFERROR(VLOOKUP(A47,'ВИШенки за предыдущие года'!$A$2:B1912,2,0),0) + C47 - SUM(E47:AA47) -> 0
A48: Бабак Егор Николаевич | B48: ШЭТ-111 | C48: =IF(ISNA(VLOOKUP(A48, '1-ый семестр 20252026'!$B$3:$D$1014, 3, 0)), 0, VLOOKUP(A48, '1-ый семестр 20252026'!$B$3:$D$1979, 3, 0)) + IF(ISNA(VLOOKUP(A48, '2-ой семестр 20252026'!$B$3:$D$1952, 3, 0)), 0, VLOOKUP(A48, '2-ой семестр 20252026'!$B$3:$D$1952, 3, 0)) -> 0 | D48: =IFERROR(VLOOKUP(A48,'ВИШенки за предыдущие года'!$A$2:B1913,2,0),0) + C48 - SUM(E48:AA48) -> 0
A49: Бабичев Евгений Иванович | B49: ШЦТ-211 | C49: =IF(ISNA(VLOOKUP(A49, '1-ый семестр 20252026'!$B$3:$D$1014, 3, 0)), 0, VLOOKUP(A49, '1-ый семестр 20252026'!$B$3:$D$1979, 3, 0)) + IF(ISNA(VLOOKUP(A49, '2-ой семестр 20252026'!$B$3:$D$1952, 3, 0)), 0, VLOOKUP(A49, '2-ой семестр 20252026'!$B$3:$D$1952, 3, 0)) -> 2 | D49: =IFERROR(VLOOKUP(A49,'ВИШенки за предыдущие года'!$A$2:B1058,2,0),0) + C49 - SUM(E49:AA49) -> 22
A50: Бабкин Артём Дмитриевич | B50: ШМС-212 | C50: =IF(ISNA(VLOOKUP(A50, '1-ый семестр 20252026'!$B$3:$D$1014, 3, 0)), 0, VLOOKUP(A50, '1-ый семестр 20252026'!$B$3:$D$1979, 3, 0)) + IF(ISNA(VLOOKUP(A50, '2-ой семестр 20252026'!$B$3:$D$1952, 3, 0)), 0, VLOOKUP(A50, '2-ой семестр 20252026'!$B$3:$D$1952, 3, 0)) -> 0 | D50: =IFERROR(VLOOKUP(A50,'ВИШенки за предыдущие года'!$A$2:B1059,2,0),0) + C50 - SUM(E50:AA50) -> 6
A51: Бадертдинов Дильназ Дарсинович | B51: ШАД-311 | C51: =IF(ISNA(VLOOKUP(A51, '1-ый семестр 20252026'!$B$3:$D$1014, 3, 0)), 0, VLOOKUP(A51, '1-ый семестр 20252026'!$B$3:$D$1979, 3, 0)) + IF(ISNA(VLOOKUP(A51, '2-ой семестр 20252026'!$B$3:$D$1952, 3, 0)), 0, VLOOKUP(A51, '2-ой семестр 20252026'!$B$3:$D$1952, 3, 0)) -> 0 | D51: =IFERROR(VLOOKUP(A51,'ВИШенки за предыдущие года'!$A$2:B1060,2,0),0) + C51 - SUM(E51:AA51) -> 44
A52: Баев Иван Алексеевич | B52: ШЭТ-211 | C52: =IF(ISNA(VLOOKUP(A52, '1-ый семестр 20252026'!$B$3:$D$1014, 3, 0)), 0, VLOOKUP(A52, '1-ый семестр 20252026'!$B$3:$D$1979, 3, 0)) + IF(ISNA(VLOOKUP(A52, '2-ой семестр 20252026'!$B$3:$D$1952, 3, 0)), 0, VLOOKUP(A52, '2-ой семестр 20252026'!$B$3:$D$1952, 3, 0)) -> 0 | D52: =IFERROR(VLOOKUP(A52,'ВИШенки за предыдущие года'!$A$2:B1061,2,0),0) + C52 - SUM(E52:AA52) -> 12
A53: Бажанов Михаил Константинович | B53: ШМС-111 | C53: =IF(ISNA(VLOOKUP(A53, '1-ый семестр 20252026'!$B$3:$D$1014, 3, 0)), 0, VLOOKUP(A53, '1-ый семестр 20252026'!$B$3:$D$1979, 3, 0)) + IF(ISNA(VLOOKUP(A53, '2-ой семестр 20252026'!$B$3:$D$1952, 3, 0)), 0, VLOOKUP(A53, '2-ой семестр 20252026'!$B$3:$D$1952, 3, 0)) -> 8 | D53: =IFERROR(VLOOKUP(A53,'ВИШенки за предыдущие года'!$A$2:B1742,2,0),0) + C53 - SUM(E53:AA53) -> 8
A54: Баженов Ярослав Евгеньевич | B54: ШМС-111 | C54: =IF(ISNA(VLOOKUP(A54, '1-ый семестр 20252026'!$B$3:$D$1014, 3, 0)), 0, VLOOKUP(A54, '1-ый семестр 20252026'!$B$3:$D$1979, 3, 0)) + IF(ISNA(VLOOKUP(A54, '2-ой семестр 20252026'!$B$3:$D$1952, 3, 0)), 0, VLOOKUP(A54, '2-ой семестр 20252026'!$B$3:$D$1952, 3, 0)) -> 19 | D54: =IFERROR(VLOOKUP(A54,'ВИШенки за предыдущие года'!$A$2:B1743,2,0),0) + C54 - SUM(E54:AA54) -> 19
A55: Байбулатов Андрей Олегович | B55: ШМС-411 | C55: =IF(ISNA(VLOOKUP(A55, '1-ый семестр 20252026'!$B$3:$D$1014, 3, 0)), 0, VLOOKUP(A55, '1-ый семестр 20252026'!$B$3:$D$1979, 3, 0)) + IF(ISNA(VLOOKUP(A55, '2-ой семестр 20252026'!$B$3:$D$1952, 3, 0)), 0, VLOOKUP(A55, '2-ой семестр 20252026'!$B$3:$D$1952, 3, 0)) -> 0 | D55: =IFERROR(VLOOKUP(A55,'ВИШенки за предыдущие года'!$A$2:B1062,2,0),0) + C55 - SUM(E55:AA55) -> 56
A56: Байдовский Игорь Борисович | B56: ШМС-411 | C56: =IF(ISNA(VLOOKUP(A56, '1-ый семестр 20252026'!$B$3:$D$1014, 3, 0)), 0, VLOOKUP(A56, '1-ый семестр 20252026'!$B$3:$D$1979, 3, 0)) + IF(ISNA(VLOOKUP(A56, '2-ой семестр 20252026'!$B$3:$D$1952, 3, 0)), 0, VLOOKUP(A56, '2-ой семестр 20252026'!$B$3:$D$1952, 3, 0)) -> 49 | D56: =IFERROR(VLOOKUP(A56,'ВИШенки за предыдущие года'!$A$2:B1063,2,0),0) + C56 - SUM(E56:AA56) -> 120 | O56: Нарушение правил внутреннего распорядка в Университете | P56: 30
A57: Бакайкин Егор Дмитриевич | B57: ШМС-311 | C57: =IF(ISNA(VLOOKUP(A57, '1-ый семестр 20252026'!$B$3:$D$1014, 3, 0)), 0, VLOOKUP(A57, '1-ый семестр 20252026'!$B$3:$D$1979, 3, 0)) + IF(ISNA(VLOOKUP(A57, '2-ой семестр 20252026'!$B$3:$D$1952, 3, 0)), 0, VLOOKUP(A57, '2-ой семестр 20252026'!$B$3:$D$1952, 3, 0)) -> 0 | D57: =IFERROR(VLOOKUP(A57,'ВИШенки за предыдущие года'!$A$2:B1064,2,0),0) + C57 - SUM(E57:AA57) -> 27
A58: Балабина Дарья Денисовна | B58: ШЭТ-311 | C58: =IF(ISNA(VLOOKUP(A58, '1-ый семестр 20252026'!$B$3:$D$1014, 3, 0)), 0, VLOOKUP(A58, '1-ый семестр 20252026'!$B$3:$D$1979, 3, 0)) + IF(ISNA(VLOOKUP(A58, '2-ой семестр 20252026'!$B$3:$D$1952, 3, 0)), 0, VLOOKUP(A58, '2-ой семестр 20252026'!$B$3:$D$1952, 3, 0)) -> 0 | D58: =IFERROR(VLOOKUP(A58,'ВИШенки за предыдущие года'!$A$2:B1065,2,0),0) + C58 - SUM(E58:AA58) -> 17
A59: Бараков Архип Алексеевич | B59: ШЦТ-111 | C59: =IF(ISNA(VLOOKUP(A59, '1-ый семестр 20252026'!$B$3:$D$1014, 3, 0)), 0, VLOOKUP(A59, '1-ый семестр 20252026'!$B$3:$D$1979, 3, 0)) + IF(ISNA(VLOOKUP(A59, '2-ой семестр 20252026'!$B$3:$D$1952, 3, 0)), 0, VLOOKUP(A59, '2-ой семестр 20252026'!$B$3:$D$1952, 3, 0)) -> 8 | D59: =IFERROR(VLOOKUP(A59,'ВИШенки за предыдущие года'!$A$2:B1879,2,0),0) + C59 - SUM(E59:AA59) -> 8
A60: Бараков Богдан Алексеевич | B60: ШТА-271 | C60: =IF(ISNA(VLOOKUP(A60, '1-ый семестр 20252026'!$B$3:$D$1014, 3, 0)), 0, VLOOKUP(A60, '1-ый семестр 20252026'!$B$3:$D$1979, 3, 0)) + IF(ISNA(VLOOKUP(A60, '2-ой семестр 20252026'!$B$3:$D$1952, 3, 0)), 0, VLOOKUP(A60, '2-ой семестр 20252026'!$B$3:$D$1952, 3, 0)) -> 0 | D60: =IFERROR(VLOOKUP(A60,'ВИШенки за предыдущие года'!$A$2:B1066,2,0),0) + C60 - SUM(E60:AA60) -> 0
A61: Баранов Владимир Георгиевич | B61: ШАД-311 | C61: =IF(ISNA(VLOOKUP(A61, '1-ый семестр 20252026'!$B$3:$D$1014, 3, 0)), 0, VLOOKUP(A61, '1-ый семестр 20252026'!$B$3:$D$1979, 3, 0)) + IF(ISNA(VLOOKUP(A61, '2-ой семестр 20252026'!$B$3:$D$1952, 3, 0)), 0, VLOOKUP(A61, '2-ой семестр 20252026'!$B$3:$D$1952, 3, 0)) -> 6 | D61: =IFERROR(VLOOKUP(A61,'ВИШенки за предыдущие года'!$A$2:B1067,2,0),0) + C61 - SUM(E61:AA61) -> 40
A62: Баранов Руслан Камильевич | B62: ПРС-441 | C62: =IF(ISNA(VLOOKUP(A62, '1-ый семестр 20252026'!$B$3:$D$1014, 3, 0)), 0, VLOOKUP(A62, '1-ый семестр 20252026'!$B$3:$D$1979, 3, 0)) + IF(ISNA(VLOOKUP(A62, '2-ой семестр 20252026'!$B$3:$D$1952, 3, 0)), 0, VLOOKUP(A62, '2-ой семестр 20252026'!$B$3:$D$1952, 3, 0)) -> 9 | D62: =IFERROR(VLOOKUP(A62,'ВИШенки за предыдущие года'!$A$2:B1976,2,0),0) + C62 - SUM(E62:AA62) -> 9
A63: Баранова Анна Алексеевна | B63: ШАД-411 | C63: =IF(ISNA(VLOOKUP(A63, '1-ый семестр 20252026'!$B$3:$D$1014, 3, 0)), 0, VLOOKUP(A63, '1-ый семестр 20252026'!$B$3:$D$1979, 3, 0)) + IF(ISNA(VLOOKUP(A63, '2-ой семестр 20252026'!$B$3:$D$1952, 3, 0)), 0, VLOOKUP(A63, '2-ой семестр 20252026'!$B$3:$D$1952, 3, 0)) -> 0 | D63: =IFERROR(VLOOKUP(A63,'ВИШенки за предыдущие года'!$A$2:B1068,2,0),0) + C63 - SUM(E63:AA63) -> 77
A64: Баранова Людмила Андреевна | B64: ШТД-311 | C64: =IF(ISNA(VLOOKUP(A64, '1-ый семестр 20252026'!$B$3:$D$1014, 3, 0)), 0, VLOOKUP(A64, '1-ый семестр 20252026'!$B$3:$D$1979, 3, 0)) + IF(ISNA(VLOOKUP(A64, '2-ой семестр 20252026'!$B$3:$D$1952, 3, 0)), 0, VLOOKUP(A64, '2-ой семестр 20252026'!$B$3:$D$1952, 3, 0)) -> 5 | D64: =IFERROR(VLOOKUP(A64,'ВИШенки за предыдущие года'!$A$2:B1069,2,0),0) + C64 - SUM(E64:AA64) -> 30
A65: Баранцев Филипп Алексеевич | B65: ШТД-311 | C65: =IF(ISNA(VLOOKUP(A65, '1-ый семестр 20252026'!$B$3:$D$1014, 3, 0)), 0, VLOOKUP(A65, '1-ый семестр 20252026'!$B$3:$D$1979, 3, 0)) + IF(ISNA(VLOOKUP(A65, '2-ой семестр 20252026'!$B$3:$D$1952, 3, 0)), 0, VLOOKUP(A65, '2-ой семестр 20252026'!$B$3:$D$1952, 3, 0)) -> 9 | D65: =IFERROR(VLOOKUP(A65,'ВИШенки за предыдущие года'!$A$2:B1070,2,0),0) + C65 - SUM(E65:AA65) -> 9
A66: Барков Андрей Александрович | B66: ШТА-371 | C66: =IF(ISNA(VLOOKUP(A66, '1-ый семестр 20252026'!$B$3:$D$1014, 3, 0)), 0, VLOOKUP(A66, '1-ый семестр 20252026'!$B$3:$D$1979, 3, 0)) + IF(ISNA(VLOOKUP(A66, '2-ой семестр 20252026'!$B$3:$D$1952, 3, 0)), 0, VLOOKUP(A66, '2-ой семестр 20252026'!$B$3:$D$1952, 3, 0)) -> 0 | D66: =IFERROR(VLOOKUP(A66,'ВИШенки за предыдущие года'!$A$2:B1071,2,0),0) + C66 - SUM(E66:AA66) -> 6
A67: Барсуков Максим Вячеславович | B67: ШТД-211 | C67: =IF(ISNA(VLOOKUP(A67, '1-ый семестр 20252026'!$B$3:$D$1014, 3, 0)), 0, VLOOKUP(A67, '1-ый семестр 20252026'!$B$3:$D$1979, 3, 0)) + IF(ISNA(VLOOKUP(A67, '2-ой семестр 20252026'!$B$3:$D$1952, 3, 0)), 0, VLOOKUP(A67, '2-ой семестр 20252026'!$B$3:$D$1952, 3, 0)) -> 0 | D67: =IFERROR(VLOOKUP(A67,'ВИШенки за предыдущие года'!$A$2:B1072,2,0),0) + C67 - SUM(E67:AA67) -> 25
A68: Бархалов Фёдор Михайлович | B68: ШАД-111 | C68: =IF(ISNA(VLOOKUP(A68, '1-ый семестр 20252026'!$B$3:$D$1014, 3, 0)), 0, VLOOKUP(A68, '1-ый семестр 20252026'!$B$3:$D$1979, 3, 0)) + IF(ISNA(VLOOKUP(A68, '2-ой семестр 20252026'!$B$3:$D$1952, 3, 0)), 0, VLOOKUP(A68, '2-ой семестр 20252026'!$B$3:$D$1952, 3, 0)) -> 0 | D68: =IFERROR(VLOOKUP(A68,'ВИШенки за предыдущие года'!$A$2:B1684,2,0),0) + C68 - SUM(E68:AA68) -> 0
A69: Баскаков Дмитрий Александрович | B69: ШТС-111 | C69: =IF(ISNA(VLOOKUP(A69, '1-ый семестр 20252026'!$B$3:$D$1014, 3, 0)), 0, VLOOKUP(A69, '1-ый семестр 20252026'!$B$3:$D$1979, 3, 0)) + IF(ISNA(VLOOKUP(A69, '2-ой семестр 20252026'!$B$3:$D$1952, 3, 0)), 0, VLOOKUP(A69, '2-ой семестр 20252026'!$B$3:$D$1952, 3, 0)) -> 11 | D69: =IFERROR(VLOOKUP(A69,'ВИШенки за предыдущие года'!$A$2:B1843,2,0),0) + C69 - SUM(E69:AA69) -> 11
A70: Баскакова Анна Олеговна | B70: ШТА-271 | C70: =IF(ISNA(VLOOKUP(A70, '1-ый семестр 20252026'!$B$3:$D$1014, 3, 0)), 0, VLOOKUP(A70, '1-ый семестр 20252026'!$B$3:$D$1979, 3, 0)) + IF(ISNA(VLOOKUP(A70, '2-ой семестр 20252026'!$B$3:$D$1952, 3, 0)), 0, VLOOKUP(A70, '2-ой семестр 20252026'!$B$3:$D$1952, 3, 0)) -> 0 | D70: =IFERROR(VLOOKUP(A70,'ВИШенки за предыдущие года'!$A$2:B1073,2,0),0) + C70 - SUM(E70:AA70) -> 0
A71: Басманов Дмитрий Алексеевич | B71: ШАД-311 | C71: =IF(ISNA(VLOOKUP(A71, '1-ый семестр 20252026'!$B$3:$D$1014, 3, 0)), 0, VLOOKUP(A71, '1-ый семестр 20252026'!$B$3:$D$1979, 3, 0)) + IF(ISNA(VLOOKUP(A71, '2-ой семестр 20252026'!$B$3:$D$1952, 3, 0)), 0, VLOOKUP(A71, '2-ой семестр 20252026'!$B$3:$D$1952, 3, 0)) -> 0 | D71: =IFERROR(VLOOKUP(A71,'ВИШенки за предыдущие года'!$A$2:B1074,2,0),0) + C71 - SUM(E71:AA71) -> -20
A72: Батманов Владимир Андреевич | B72: ШАД-411 | C72: =IF(ISNA(VLOOKUP(A72, '1-ый семестр 20252026'!$B$3:$D$1014, 3, 0)), 0, VLOOKUP(A72, '1-ый семестр 20252026'!$B$3:$D$1979, 3, 0)) + IF(ISNA(VLOOKUP(A72, '2-ой семестр 20252026'!$B$3:$D$1952, 3, 0)), 0, VLOOKUP(A72, '2-ой семестр 20252026'!$B$3:$D$1952, 3, 0)) -> 0 | D72: =IFERROR(VLOOKUP(A72,'ВИШенки за предыдущие года'!$A$2:B1075,2,0),0) + C72 - SUM(E72:AA72) -> 97
A73: Батряков Рифат Ринатович | B73: ШТА-171 | C73: =IF(ISNA(VLOOKUP(A73, '1-ый семестр 20252026'!$B$3:$D$1014, 3, 0)), 0, VLOOKUP(A73, '1-ый семестр 20252026'!$B$3:$D$1979, 3, 0)) + IF(ISNA(VLOOKUP(A73, '2-ой семестр 20252026'!$B$3:$D$1952, 3, 0)), 0, VLOOKUP(A73, '2-ой семестр 20252026'!$B$3:$D$1952, 3, 0)) -> 0 | D73: =IFERROR(VLOOKUP(A73,'ВИШенки за предыдущие года'!$A$2:B1662,2,0),0) + C73 - SUM(E73:AA73) -> 0
A74: Бахарев Григорий Сергеевич | B74: ШТА-171 | C74: =IF(ISNA(VLOOKUP(A74, '1-ый семестр 20252026'!$B$3:$D$1014, 3, 0)), 0, VLOOKUP(A74, '1-ый семестр 20252026'!$B$3:$D$1979, 3, 0)) + IF(ISNA(VLOOKUP(A74, '2-ой семестр 20252026'!$B$3:$D$1952, 3, 0)), 0, VLOOKUP(A74, '2-ой семестр 20252026'!$B$3:$D$1952, 3, 0)) -> 0 | D74: =IFERROR(VLOOKUP(A74,'ВИШенки за предыдущие года'!$A$2:B1663,2,0),0) + C74 - SUM(E74:AA74) -> 0
A75: Беджанов Артем Германович | B75: ШТА-171 | C75: =IF(ISNA(VLOOKUP(A75, '1-ый семестр 20252026'!$B$3:$D$1014, 3, 0)), 0, VLOOKUP(A75, '1-ый семестр 20252026'!$B$3:$D$1979, 3, 0)) + IF(ISNA(VLOOKUP(A75, '2-ой семестр 20252026'!$B$3:$D$1952, 3, 0)), 0, VLOOKUP(A75, '2-ой семестр 20252026'!$B$3:$D$1952, 3, 0)) -> 11 | D75: =IFERROR(VLOOKUP(A75,'ВИШенки за предыдущие года'!$A$2:B1664,2,0),0) + C75 - SUM(E75:AA75) -> 11
A76: Безручко Александр Вадимович | B76: ШАДк-111 | C76: =IF(ISNA(VLOOKUP(A76, '1-ый семестр 20252026'!$B$3:$D$1014, 3, 0)), 0, VLOOKUP(A76, '1-ый семестр 20252026'!$B$3:$D$1979, 3, 0)) + IF(ISNA(VLOOKUP(A76, '2-ой семестр 20252026'!$B$3:$D$1952, 3, 0)), 0, VLOOKUP(A76, '2-ой семестр 20252026'!$B$3:$D$1952, 3, 0)) -> 0 | D76: =IFERROR(VLOOKUP(A76,'ВИШенки за предыдущие года'!$A$2:B1719,2,0),0) + C76 - SUM(E76:AA76) -> 0
A77: Бекешов Тилек Эдилбекович | B77: ШМС-311 | C77: =IF(ISNA(VLOOKUP(A77, '1-ый семестр 20252026'!$B$3:$D$1014, 3, 0)), 0, VLOOKUP(A77, '1-ый семестр 20252026'!$B$3:$D$1979, 3, 0)) + IF(ISNA(VLOOKUP(A77, '2-ой семестр 20252026'!$B$3:$D$1952, 3, 0)), 0, VLOOKUP(A77, '2-ой семестр 20252026'!$B$3:$D$1952, 3, 0)) -> 0 | D77: =IFERROR(VLOOKUP(A77,'ВИШенки за предыдущие года'!$A$2:B1076,2,0),0) + C77 - SUM(E77:AA77) -> -8
A78: Бектурганов Назар Нурланович | B78: ШМС-212 | C78: =IF(ISNA(VLOOKUP(A78, '1-ый семестр 20252026'!$B$3:$D$1014, 3, 0)), 0, VLOOKUP(A78, '1-ый семестр 20252026'!$B$3:$D$1979, 3, 0)) + IF(ISNA(VLOOKUP(A78, '2-ой семестр 20252026'!$B$3:$D$1952, 3, 0)), 0, VLOOKUP(A78, '2-ой семестр 20252026'!$B$3:$D$1952, 3, 0)) -> 0 | D78: =IFERROR(VLOOKUP(A78,'ВИШенки за предыдущие года'!$A$2:B1077,2,0),0) + C78 - SUM(E78:AA78) -> 72
A79: Белов Александр Сергеевич | B79: ШЦТ-311 | C79: =IF(ISNA(VLOOKUP(A79, '1-ый семестр 20252026'!$B$3:$D$1014, 3, 0)), 0, VLOOKUP(A79, '1-ый семестр 20252026'!$B$3:$D$1979, 3, 0)) + IF(ISNA(VLOOKUP(A79, '2-ой семестр 20252026'!$B$3:$D$1952, 3, 0)), 0, VLOOKUP(A79, '2-ой семестр 20252026'!$B$3:$D$1952, 3, 0)) -> 0 | D79: =IFERROR(VLOOKUP(A79,'ВИШенки за предыдущие года'!$A$2:B1078,2,0),0) + C79 - SUM(E79:AA79) -> 24
A80: Белозерских Павел Сергеевич | B80: ШЦТ-211 | C80: =IF(ISNA(VLOOKUP(A80, '1-ый семестр 20252026'!$B$3:$D$1014, 3, 0)), 0, VLOOKUP(A80, '1-ый семестр 20252026'!$B$3:$D$1979, 3, 0)) + IF(ISNA(VLOOKUP(A80, '2-ой семестр 20252026'!$B$3:$D$1952, 3, 0)), 0, VLOOKUP(A80, '2-ой семестр 20252026'!$B$3:$D$1952, 3, 0)) -> 0 | D80: =IFERROR(VLOOKUP(A80,'ВИШенки за предыдущие года'!$A$2:B1079,2,0),0) + C80 - SUM(E80:AA80) -> 10
A81: Белоусов Марк Владимирович | B81: ШЦТ-111 | C81: =IF(ISNA(VLOOKUP(A81, '1-ый семестр 20252026'!$B$3:$D$1014, 3, 0)), 0, VLOOKUP(A81, '1-ый семестр 20252026'!$B$3:$D$1979, 3, 0)) + IF(ISNA(VLOOKUP(A81, '2-ой семестр 20252026'!$B$3:$D$1952, 3, 0)), 0, VLOOKUP(A81, '2-ой семестр 20252026'!$B$3:$D$1952, 3, 0)) -> 5 | D81: =IFERROR(VLOOKUP(A81,'ВИШенки за предыдущие года'!$A$2:B1880,2,0),0) + C81 - SUM(E81:AA81) -> 5
A82: Белоусова Александра Андреевна | B82: ШМС-411 | C82: =IF(ISNA(VLOOKUP(A82, '1-ый семестр 20252026'!$B$3:$D$1014, 3, 0)), 0, VLOOKUP(A82, '1-ый семестр 20252026'!$B$3:$D$1979, 3, 0)) + IF(ISNA(VLOOKUP(A82, '2-ой семестр 20252026'!$B$3:$D$1952, 3, 0)), 0, VLOOKUP(A82, '2-ой семестр 20252026'!$B$3:$D$1952, 3, 0)) -> 7 | D82: =IFERROR(VLOOKUP(A82,'ВИШенки за предыдущие года'!$A$2:B1080,2,0),0) + C82 - SUM(E82:AA82) -> 155
A83: Беляев Дмитрий Андреевич | B83: ШМС-212 | C83: =IF(ISNA(VLOOKUP(A83, '1-ый семестр 20252026'!$B$3:$D$1014, 3, 0)), 0, VLOOKUP(A83, '1-ый семестр 20252026'!$B$3:$D$1979, 3, 0)) + IF(ISNA(VLOOKUP(A83, '2-ой семестр 20252026'!$B$3:$D$1952, 3, 0)), 0, VLOOKUP(A83, '2-ой семестр 20252026'!$B$3:$D$1952, 3, 0)) -> 0 | D83: =IFERROR(VLOOKUP(A83,'ВИШенки за предыдущие года'!$A$2:B1081,2,0),0) + C83 - SUM(E83:AA83) -> 15
A84: Бердникова Анна Михайловна | B84: ШЭТ-311 | C84: =IF(ISNA(VLOOKUP(A84, '1-ый семестр 20252026'!$B$3:$D$1014, 3, 0)), 0, VLOOKUP(A84, '1-ый семестр 20252026'!$B$3:$D$1979, 3, 0)) + IF(ISNA(VLOOKUP(A84, '2-ой семестр 20252026'!$B$3:$D$1952, 3, 0)), 0, VLOOKUP(A84, '2-ой семестр 20252026'!$B$3:$D$1952, 3, 0)) -> 21 | D84: =IFERROR(VLOOKUP(A84,'ВИШенки за предыдущие года'!$A$2:B1082,2,0),0) + C84 - SUM(E84:AA84) -> 47
A85: Беренгартен Александр Сергеевич | B85: ШТС-411 | C85: =IF(ISNA(VLOOKUP(A85, '1-ый семестр 20252026'!$B$3:$D$1014, 3, 0)), 0, VLOOKUP(A85, '1-ый семестр 20252026'!$B$3:$D$1979, 3, 0)) + IF(ISNA(VLOOKUP(A85, '2-ой семестр 20252026'!$B$3:$D$1952, 3, 0)), 0, VLOOKUP(A85, '2-ой семестр 20252026'!$B$3:$D$1952, 3, 0)) -> 0 | D85: =IFERROR(VLOOKUP(A85,'ВИШенки за предыдущие года'!$A$2:B1083,2,0),0) + C85 - SUM(E85:AA85) -> 85
A86: Беспалова Виктория Константиновна | B86: ШЭТ-111 | C86: =IF(ISNA(VLOOKUP(A86, '1-ый семестр 20252026'!$B$3:$D$1014, 3, 0)), 0, VLOOKUP(A86, '1-ый семестр 20252026'!$B$3:$D$1979, 3, 0)) + IF(ISNA(VLOOKUP(A86, '2-ой семестр 20252026'!$B$3:$D$1952, 3, 0)), 0, VLOOKUP(A86, '2-ой семестр 20252026'!$B$3:$D$1952, 3, 0)) -> 0 | D86: =IFERROR(VLOOKUP(A86,'ВИШенки за предыдущие года'!$A$2:B1914,2,0),0) + C86 - SUM(E86:AA86) -> 0
A87: Бессонов Кирилл Олегович | B87: ШАД-411 | C87: =IF(ISNA(VLOOKUP(A87, '1-ый семестр 20252026'!$B$3:$D$1014, 3, 0)), 0, VLOOKUP(A87, '1-ый семестр 20252026'!$B$3:$D$1979, 3, 0)) + IF(ISNA(VLOOKUP(A87, '2-ой семестр 20252026'!$B$3:$D$1952, 3, 0)), 0, VLOOKUP(A87, '2-ой семестр 20252026'!$B$3:$D$1952, 3, 0)) -> 0 | D87: =IFERROR(VLOOKUP(A87,'ВИШенки за предыдущие года'!$A$2:B1084,2,0),0) + C87 - SUM(E87:AA87) -> 71
A88: Бирюкова Светлана Александровна | B88: ШТС-111 | C88: =IF(ISNA(VLOOKUP(A88, '1-ый семестр 20252026'!$B$3:$D$1014, 3, 0)), 0, VLOOKUP(A88, '1-ый семестр 20252026'!$B$3:$D$1979, 3, 0)) + IF(ISNA(VLOOKUP(A88, '2-ой семестр 20252026'!$B$3:$D$1952, 3, 0)), 0, VLOOKUP(A88, '2-ой семестр 20252026'!$B$3:$D$1952, 3, 0)) -> 105 | D88: =IFERROR(VLOOKUP(A88,'ВИШенки за предыдущие года'!$A$2:B1844,2,0),0) + C88 - SUM(E88:AA88) -> 75 | O88: Нарушение правил выездных мероприятий (выезд в Нижний Новгород) | P88: 30
A89: Блюмкин Артур Станиславович | B89: ШМС-112 | C89: =IF(ISNA(VLOOKUP(A89, '1-ый семестр 20252026'!$B$3:$D$1014, 3, 0)), 0, VLOOKUP(A89, '1-ый семестр 20252026'!$B$3:$D$1979, 3, 0)) + IF(ISNA(VLOOKUP(A89, '2-ой семестр 20252026'!$B$3:$D$1952, 3, 0)), 0, VLOOKUP(A89, '2-ой семестр 20252026'!$B$3:$D$1952, 3, 0)) -> 0 | D89: =IFERROR(VLOOKUP(A89,'ВИШенки за предыдущие года'!$A$2:B1778,2,0),0) + C89 - SUM(E89:AA89) -> 0
A90: Боброва Евгения Дмитриевна | B90: ШТД-111 | C90: =IF(ISNA(VLOOKUP(A90, '1-ый семестр 20252026'!$B$3:$D$1014, 3, 0)), 0, VLOOKUP(A90, '1-ый семестр 20252026'!$B$3:$D$1979, 3, 0)) + IF(ISNA(VLOOKUP(A90, '2-ой семестр 20252026'!$B$3:$D$1952, 3, 0)), 0, VLOOKUP(A90, '2-ой семестр 20252026'!$B$3:$D$1952, 3, 0)) -> 4 | D90: =IFERROR(VLOOKUP(A90,'ВИШенки за предыдущие года'!$A$2:B1810,2,0),0) + C90 - SUM(E90:AA90) -> 4
A91: Богданов Богдан Максимович | B91: ШЭТ-311 | C91: =IF(ISNA(VLOOKUP(A91, '1-ый семестр 20252026'!$B$3:$D$1014, 3, 0)), 0, VLOOKUP(A91, '1-ый семестр 20252026'!$B$3:$D$1979, 3, 0)) + IF(ISNA(VLOOKUP(A91, '2-ой семестр 20252026'!$B$3:$D$1952, 3, 0)), 0, VLOOKUP(A91, '2-ой семестр 20252026'!$B$3:$D$1952, 3, 0)) -> 3 | D91: =IFERROR(VLOOKUP(A91,'ВИШенки за предыдущие года'!$A$2:B1085,2,0),0) + C91 - SUM(E91:AA91) -> 7
A92: Бодрягин Иван Антонович | B92: ШИН-171 | C92: =IF(ISNA(VLOOKUP(A92, '1-ый семестр 20252026'!$B$3:$D$1014, 3, 0)), 0, VLOOKUP(A92, '1-ый семестр 20252026'!$B$3:$D$1979, 3, 0)) + IF(ISNA(VLOOKUP(A92, '2-ой семестр 20252026'!$B$3:$D$1952, 3, 0)), 0, VLOOKUP(A92, '2-ой семестр 20252026'!$B$3:$D$1952, 3, 0)) -> 0 | D92: =IFERROR(VLOOKUP(A92,'ВИШенки за предыдущие года'!$A$2:B1648,2,0),0) + C92 - SUM(E92:AA92) -> -35
A93: Божина Анастасия Сергеевна | B93: ШТС-311 | C93: =IF(ISNA(VLOOKUP(A93, '1-ый семестр 20252026'!$B$3:$D$1014, 3, 0)), 0, VLOOKUP(A93, '1-ый семестр 20252026'!$B$3:$D$1979, 3, 0)) + IF(ISNA(VLOOKUP(A93, '2-ой семестр 20252026'!$B$3:$D$1952, 3, 0)), 0, VLOOKUP(A93, '2-ой семестр 20252026'!$B$3:$D$1952, 3, 0)) -> 30 | D93: =IFERROR(VLOOKUP(A93,'ВИШенки за предыдущие года'!$A$2:B1086,2,0),0) + C93 - SUM(E93:AA93) -> 95 | H93: 40 | K93: 50
A94: Болдырев Сергей Викторович | B94: ШАД-111 | C94: =IF(ISNA(VLOOKUP(A94, '1-ый семестр 20252026'!$B$3:$D$1014, 3, 0)), 0, VLOOKUP(A94, '1-ый семестр 20252026'!$B$3:$D$1979, 3, 0)) + IF(ISNA(VLOOKUP(A94, '2-ой семестр 20252026'!$B$3:$D$1952, 3, 0)), 0, VLOOKUP(A94, '2-ой семестр 20252026'!$B$3:$D$1952, 3, 0)) -> 24 | D94: =IFERROR(VLOOKUP(A94,'ВИШенки за предыдущие года'!$A$2:B1685,2,0),0) + C94 - SUM(E94:AA94) -> 24
A95: Бондарев Виталий Андреевич | B95: ШТС-111 | C95: =IF(ISNA(VLOOKUP(A95, '1-ый семестр 20252026'!$B$3:$D$1014, 3, 0)), 0, VLOOKUP(A95, '1-ый семестр 20252026'!$B$3:$D$1979, 3, 0)) + IF(ISNA(VLOOKUP(A95, '2-ой семестр 20252026'!$B$3:$D$1952, 3, 0)), 0, VLOOKUP(A95, '2-ой семестр 20252026'!$B$3:$D$1952, 3, 0)) -> 0 | D95: =IFERROR(VLOOKUP(A95,'ВИШенки за предыдущие года'!$A$2:B1845,2,0),0) + C95 - SUM(E95:AA95) -> 0
A96: Бондин Сергей Сергеевич | B96: ШМС-212 | C96: =IF(ISNA(VLOOKUP(A96, '1-ый семестр 20252026'!$B$3:$D$1014, 3, 0)), 0, VLOOKUP(A96, '1-ый семестр 20252026'!$B$3:$D$1979, 3, 0)) + IF(ISNA(VLOOKUP(A96, '2-ой семестр 20252026'!$B$3:$D$1952, 3, 0)), 0, VLOOKUP(A96, '2-ой семестр 20252026'!$B$3:$D$1952, 3, 0)) -> 0 | D96: =IFERROR(VLOOKUP(A96,'ВИШенки за предыдущие года'!$A$2:B1087,2,0),0) + C96 - SUM(E96:AA96) -> 34
A97: Бончев Глеб Павлович | B97: ШЦТ-111 | C97: =IF(ISNA(VLOOKUP(A97, '1-ый семестр 20252026'!$B$3:$D$1014, 3, 0)), 0, VLOOKUP(A97, '1-ый семестр 20252026'!$B$3:$D$1979, 3, 0)) + IF(ISNA(VLOOKUP(A97, '2-ой семестр 20252026'!$B$3:$D$1952, 3, 0)), 0, VLOOKUP(A97, '2-ой семестр 20252026'!$B$3:$D$1952, 3, 0)) -> 19 | D97: =IFERROR(VLOOKUP(A97,'ВИШенки за предыдущие года'!$A$2:B1881,2,0),0) + C97 - SUM(E97:AA97) -> 19
A98: Борискин Даниил Дмитриевич | B98: ШЭТ-111 | C98: =IF(ISNA(VLOOKUP(A98, '1-ый семестр 20252026'!$B$3:$D$1014, 3, 0)), 0, VLOOKUP(A98, '1-ый семестр 20252026'!$B$3:$D$1979, 3, 0)) + IF(ISNA(VLOOKUP(A98, '2-ой семестр 20252026'!$B$3:$D$1952, 3, 0)), 0, VLOOKUP(A98, '2-ой семестр 20252026'!$B$3:$D$1952, 3, 0)) -> 0 | D98: =IFERROR(VLOOKUP(A98,'ВИШенки за предыдущие года'!$A$2:B1915,2,0),0) + C98 - SUM(E98:AA98) -> 0
A99: Борисов Алексей Кириллович | B99: ШАД-111 | C99: =IF(ISNA(VLOOKUP(A99, '1-ый семестр 20252026'!$B$3:$D$1014, 3, 0)), 0, VLOOKUP(A99, '1-ый семестр 20252026'!$B$3:$D$1979, 3, 0)) + IF(ISNA(VLOOKUP(A99, '2-ой семестр 20252026'!$B$3:$D$1952, 3, 0)), 0, VLOOKUP(A99, '2-ой семестр 20252026'!$B$3:$D$1952, 3, 0)) -> 0 | D99: =IFERROR(VLOOKUP(A99,'ВИШенки за предыдущие года'!$A$2:B1686,2,0),0) + C99 - SUM(E99:AA99) -> 0
A100: Борожапов Саян Самбуевич | B100: ПУИ-271 | C100: =IF(ISNA(VLOOKUP(A100, '1-ый семестр 20252026'!$B$3:$D$1014, 3, 0)), 0, VLOOKUP(A100, '1-ый семестр 20252026'!$B$3:$D$1979, 3, 0)) + IF(ISNA(VLOOKUP(A100, '2-ой семестр 20252026'!$B$3:$D$1952, 3, 0)), 0, VLOOKUP(A100, '2-ой семестр 20252026'!$B$3:$D$1952, 3, 0)) -> 0 | D100: =IFERROR(VLOOKUP(A100,'ВИШенки за предыдущие года'!$A$2:B1088,2,0),0) + C100 - SUM(E100:AA100) -> 0
...

Sheet Топ активистов
A1: № П/П | B1: ФИО активиста | C1: Учебная группа | D1: ВИШенок накоплено | E1: ВИШенок доступно для списания
A2: =ROW()-1 -> 1 | B2: Аккуратнова София Александровна | C2: ШМС-111 | D2: =IF(ISNA(VLOOKUP(B2, '1-ый семестр 20252026'!$B$3:$D$887, 3, 0)), 0, VLOOKUP(B2, '1-ый семестр 20252026'!$B$3:$D$887, 3, 0)) + IF(ISNA(VLOOKUP(B2, '2-ой семестр 20252026'!$B$3:$D$1952, 3, 0)), 0, VLOOKUP(B2, '2-ой семестр 20252026'!$B$3:$D$1952, 3, 0)) -> 2 | E2: =VLOOKUP(B2, 'Списания ВИШенок'!$A$3:$D$965, 4, 0) -> -43
A3: =ROW()-1 -> 2 | B3: Федотов Родион Маркович | C3: ШЭТ-411 | D3: =IF(ISNA(VLOOKUP(B3, '1-ый семестр 20252026'!$B$3:$D$887, 3, 0)), 0, VLOOKUP(B3, '1-ый семестр 20252026'!$B$3:$D$887, 3, 0)) + IF(ISNA(VLOOKUP(B3, '2-ой семестр 20252026'!$B$3:$D$1952, 3, 0)), 0, VLOOKUP(B3, '2-ой семестр 20252026'!$B$3:$D$1952, 3, 0)) -> 0 | E3: =VLOOKUP(B3, 'Списания ВИШенок'!$A$3:$D$965, 4, 0) -> -40
A4: =ROW()-1 -> 3 | B4: Антонов Иван Алексеевич | C4: ПИН-171 | D4: =IF(ISNA(VLOOKUP(B4, '1-ый семестр 20252026'!$B$3:$D$887, 3, 0)), 0, VLOOKUP(B4, '1-ый семестр 20252026'!$B$3:$D$887, 3, 0)) + IF(ISNA(VLOOKUP(B4, '2-ой семестр 20252026'!$B$3:$D$1952, 3, 0)), 0, VLOOKUP(B4, '2-ой семестр 20252026'!$B$3:$D$1952, 3, 0)) -> 0 | E4: =VLOOKUP(B4, 'Списания ВИШенок'!$A$3:$D$965, 4, 0) -> -42
A5: =ROW()-1 -> 4 | B5: Винокурова Валерия Викторовна | C5: ШТА-371 | D5: =IF(ISNA(VLOOKUP(B5, '1-ый семестр 20252026'!$B$3:$D$887, 3, 0)), 0, VLOOKUP(B5, '1-ый семестр 20252026'!$B$3:$D$887, 3, 0)) + IF(ISNA(VLOOKUP(B5, '2-ой семестр 20252026'!$B$3:$D$1952, 3, 0)), 0, VLOOKUP(B5, '2-ой семестр 20252026'!$B$3:$D$1952, 3, 0)) -> 0 | E5: =VLOOKUP(B5, 'Списания ВИШенок'!$A$3:$D$965, 4, 0) -> -37
A6: =ROW()-1 -> 5 | B6: Бодрягин Иван Антонович | C6: ШИН-171 | D6: =IF(ISNA(VLOOKUP(B6, '1-ый семестр 20252026'!$B$3:$D$887, 3, 0)), 0, VLOOKUP(B6, '1-ый семестр 20252026'!$B$3:$D$887, 3, 0)) + IF(ISNA(VLOOKUP(B6, '2-ой семестр 20252026'!$B$3:$D$1952, 3, 0)), 0, VLOOKUP(B6, '2-ой семестр 20252026'!$B$3:$D$1952, 3, 0)) -> 0 | E6: =VLOOKUP(B6, 'Списания ВИШенок'!$A$3:$D$965, 4, 0) -> -35
A7: =ROW()-1 -> 6 | B7: Пасечник Сергей Романович | C7: ШЦТ-311 | D7: =IF(ISNA(VLOOKUP(B7, '1-ый семестр 20252026'!$B$3:$D$887, 3, 0)), 0, VLOOKUP(B7, '1-ый семестр 20252026'!$B$3:$D$887, 3, 0)) + IF(ISNA(VLOOKUP(B7, '2-ой семестр 20252026'!$B$3:$D$1952, 3, 0)), 0, VLOOKUP(B7, '2-ой семестр 20252026'!$B$3:$D$1952, 3, 0)) -> 0 | E7: =VLOOKUP(B7, 'Списания ВИШенок'!$A$3:$D$965, 4, 0) -> -23
A8: =ROW()-1 -> 7 | B8: Крючков Иван Сергеевич | C8: ППС-441 | D8: =IF(ISNA(VLOOKUP(B8, '1-ый семестр 20252026'!$B$3:$D$1200, 3, 0)), 0, VLOOKUP(B8, '1-ый семестр 20252026'!$B$3:$D$1200, 3, 0)) + IF(ISNA(VLOOKUP(B8, '2-ой семестр 20252026'!$B$3:$D$1952, 3, 0)), 0, VLOOKUP(B8, '2-ой семестр 20252026'!$B$3:$D$1952, 3, 0)) -> 5 | E8: =VLOOKUP(B8, 'Списания ВИШенок'!$A$3:$D$1200, 4, 0) -> -25
A9: =ROW()-1 -> 8 | B9: Букаев Кирилл Андреевич | C9: ШАД-412 | D9: =IF(ISNA(VLOOKUP(B9, '1-ый семестр 20252026'!$B$3:$D$887, 3, 0)), 0, VLOOKUP(B9, '1-ый семестр 20252026'!$B$3:$D$887, 3, 0)) + IF(ISNA(VLOOKUP(B9, '2-ой семестр 20252026'!$B$3:$D$1952, 3, 0)), 0, VLOOKUP(B9, '2-ой семестр 20252026'!$B$3:$D$1952, 3, 0)) -> 0 | E9: =VLOOKUP(B9, 'Списания ВИШенок'!$A$3:$D$965, 4, 0) -> -25
A10: =ROW()-1 -> 9 | B10: Никонов Даниил Сергеевич | C10: ШМС-411 | D10: =IF(ISNA(VLOOKUP(B10, '1-ый семестр 20252026'!$B$3:$D$887, 3, 0)), 0, VLOOKUP(B10, '1-ый семестр 20252026'!$B$3:$D$887, 3, 0)) + IF(ISNA(VLOOKUP(B10, '2-ой семестр 20252026'!$B$3:$D$1952, 3, 0)), 0, VLOOKUP(B10, '2-ой семестр 20252026'!$B$3:$D$1952, 3, 0)) -> 0 | E10: =VLOOKUP(B10, 'Списания ВИШенок'!$A$3:$D$965, 4, 0) -> -24
A11: =ROW()-1 -> 10 | B11: Чечин Кирилл Михайлович | C11: ШМС-411 | D11: =IF(ISNA(VLOOKUP(B11, '1-ый семестр 20252026'!$B$3:$D$887, 3, 0)), 0, VLOOKUP(B11, '1-ый семестр 20252026'!$B$3:$D$887, 3, 0)) + IF(ISNA(VLOOKUP(B11, '2-ой семестр 20252026'!$B$3:$D$1952, 3, 0)), 0, VLOOKUP(B11, '2-ой семестр 20252026'!$B$3:$D$1952, 3, 0)) -> 0 | E11: =VLOOKUP(B11, 'Списания ВИШенок'!$A$3:$D$965, 4, 0) -> -22
A12: =ROW()-1 -> 11 | B12: Андреев Артём Игоревич | C12: ШТА-271 | D12: =IF(ISNA(VLOOKUP(B12, '1-ый семестр 20252026'!$B$3:$D$887, 3, 0)), 0, VLOOKUP(B12, '1-ый семестр 20252026'!$B$3:$D$887, 3, 0)) + IF(ISNA(VLOOKUP(B12, '2-ой семестр 20252026'!$B$3:$D$1952, 3, 0)), 0, VLOOKUP(B12, '2-ой семестр 20252026'!$B$3:$D$1952, 3, 0)) -> 0 | E12: =VLOOKUP(B12, 'Списания ВИШенок'!$A$3:$D$965, 4, 0) -> -20
A13: =ROW()-1 -> 12 | B13: Басманов Дмитрий Алексеевич | C13: ШАД-311 | D13: =IF(ISNA(VLOOKUP(B13, '1-ый семестр 20252026'!$B$3:$D$887, 3, 0)), 0, VLOOKUP(B13, '1-ый семестр 20252026'!$B$3:$D$887, 3, 0)) + IF(ISNA(VLOOKUP(B13, '2-ой семестр 20252026'!$B$3:$D$1952, 3, 0)), 0, VLOOKUP(B13, '2-ой семестр 20252026'!$B$3:$D$1952, 3, 0)) -> 0 | E13: =VLOOKUP(B13, 'Списания ВИШенок'!$A$3:$D$965, 4, 0) -> -20
A14: =ROW()-1 -> 13 | B14: Гончаренок Егор Петрович | C14: ШТА-371 | D14: =IF(ISNA(VLOOKUP(B14, '1-ый семестр 20252026'!$B$3:$D$887, 3, 0)), 0, VLOOKUP(B14, '1-ый семестр 20252026'!$B$3:$D$887, 3, 0)) + IF(ISNA(VLOOKUP(B14, '2-ой семестр 20252026'!$B$3:$D$1952, 3, 0)), 0, VLOOKUP(B14, '2-ой семестр 20252026'!$B$3:$D$1952, 3, 0)) -> 0 | E14: =VLOOKUP(B14, 'Списания ВИШенок'!$A$3:$D$965, 4, 0) -> -20
A15: =ROW()-1 -> 14 | B15: Рахматов Жавохир Ибодулла угли | C15: ШТА-271 | D15: =IF(ISNA(VLOOKUP(B15, '1-ый семестр 20252026'!$B$3:$D$887, 3, 0)), 0, VLOOKUP(B15, '1-ый семестр 20252026'!$B$3:$D$887, 3, 0)) + IF(ISNA(VLOOKUP(B15, '2-ой семестр 20252026'!$B$3:$D$1952, 3, 0)), 0, VLOOKUP(B15, '2-ой семестр 20252026'!$B$3:$D$1952, 3, 0)) -> 0 | E15: =VLOOKUP(B15, 'Списания ВИШенок'!$A$3:$D$965, 4, 0) -> -20
A16: =ROW()-1 -> 15 | B16: Сысоева Софья Олеговна | C16: ШТА-371 | D16: =IF(ISNA(VLOOKUP(B16, '1-ый семестр 20252026'!$B$3:$D$887, 3, 0)), 0, VLOOKUP(B16, '1-ый семестр 20252026'!$B$3:$D$887, 3, 0)) + IF(ISNA(VLOOKUP(B16, '2-ой семестр 20252026'!$B$3:$D$1952, 3, 0)), 0, VLOOKUP(B16, '2-ой семестр 20252026'!$B$3:$D$1952, 3, 0)) -> 0 | E16: =VLOOKUP(B16, 'Списания ВИШенок'!$A$3:$D$965, 4, 0) -> -20
A17: =ROW()-1 -> 16 | B17: Маршаха Амир Махмуд | C17: ШТА-371 | D17: =IF(ISNA(VLOOKUP(B17, '1-ый семестр 20252026'!$B$3:$D$887, 3, 0)), 0, VLOOKUP(B17, '1-ый семестр 20252026'!$B$3:$D$887, 3, 0)) + IF(ISNA(VLOOKUP(B17, '2-ой семестр 20252026'!$B$3:$D$1952, 3, 0)), 0, VLOOKUP(B17, '2-ой семестр 20252026'!$B$3:$D$1952, 3, 0)) -> 0 | E17: =VLOOKUP(B17, 'Списания ВИШенок'!$A$3:$D$965, 4, 0) -> -19
A18: =ROW()-1 -> 17 | B18: Любарчук Георгий Владиславович | C18: ШИН-171 | D18: =IF(ISNA(VLOOKUP(B18, '1-ый семестр 20252026'!$B$3:$D$887, 3, 0)), 0, VLOOKUP(B18, '1-ый семестр 20252026'!$B$3:$D$887, 3, 0)) + IF(ISNA(VLOOKUP(B18, '2-ой семестр 20252026'!$B$3:$D$1952, 3, 0)), 0, VLOOKUP(B18, '2-ой семестр 20252026'!$B$3:$D$1952, 3, 0)) -> 0 | E18: =VLOOKUP(B18, 'Списания ВИШенок'!$A$3:$D$965, 4, 0) -> -19
A19: =ROW()-1 -> 18 | B19: Дарахвелидзе Георгий Мамукович | C19: ШТД-411 | D19: =IF(ISNA(VLOOKUP(B19, '1-ый семестр 20252026'!$B$3:$D$887, 3, 0)), 0, VLOOKUP(B19, '1-ый семестр 20252026'!$B$3:$D$887, 3, 0)) + IF(ISNA(VLOOKUP(B19, '2-ой семестр 20252026'!$B$3:$D$1952, 3, 0)), 0, VLOOKUP(B19, '2-ой семестр 20252026'!$B$3:$D$1952, 3, 0)) -> 0 | E19: =VLOOKUP(B19, 'Списания ВИШенок'!$A$3:$D$965, 4, 0) -> -15
A20: =ROW()-1 -> 19 | B20: Маковский Антон Алексеевич | C20: ШТА-371 | D20: =IF(ISNA(VLOOKUP(B20, '1-ый семестр 20252026'!$B$3:$D$887, 3, 0)), 0, VLOOKUP(B20, '1-ый семестр 20252026'!$B$3:$D$887, 3, 0)) + IF(ISNA(VLOOKUP(B20, '2-ой семестр 20252026'!$B$3:$D$1952, 3, 0)), 0, VLOOKUP(B20, '2-ой семестр 20252026'!$B$3:$D$1952, 3, 0)) -> 0 | E20: =VLOOKUP(B20, 'Списания ВИШенок'!$A$3:$D$965, 4, 0) -> -15
... A31: =ROW()-1 -> 30 | B31: Рогинко Кирилл Михайлович | C31: ШТС-311 | D31: =IF(ISNA(VLOOKUP(B31, '1-ый семестр 20252026'!$B$3:$D$887, 3, 0)), 0, VLOOKUP(B31, '1-ый семестр 20252026'!$B$3:$D$887, 3, 0)) + IF(ISNA(VLOOKUP(B31, '2-ой семестр 20252026'!$B$3:$D$1952, 3, 0)), 0, VLOOKUP(B31, '2-ой семестр 20252026'!$B$3:$D$1952, 3, 0)) -> 0 | E31: =VLOOKUP(B31, 'Списания ВИШенок'!$A$3:$D$965, 4, 0) -> -8
A32: =ROW()-1 -> 31 | B32: Киселев Ярослав Артемович | C32: ППС-441 | D32: =IF(ISNA(VLOOKUP(B32, '1-ый семестр 20252026'!$B$3:$D$1200, 3, 0)), 0, VLOOKUP(B32, '1-ый семестр 20252026'!$B$3:$D$1200, 3, 0)) + IF(ISNA(VLOOKUP(B32, '2-ой семестр 20252026'!$B$3:$D$1952, 3, 0)), 0, VLOOKUP(B32, '2-ой семестр 20252026'!$B$3:$D$1952, 3, 0)) -> 23 | E32: =VLOOKUP(B32, 'Списания ВИШенок'!$A$3:$D$1200, 4, 0) -> -7
A33: =ROW()-1 -> 32 | B33: Кашия Георгий Шалвович | C33: ШЭТ-311 | D33: =IF(ISNA(VLOOKUP(B33, '1-ый семестр 20252026'!$B$3:$D$887, 3, 0)), 0, VLOOKUP(B33, '1-ый семестр 20252026'!$B$3:$D$887, 3, 0)) + IF(ISNA(VLOOKUP(B33, '2-ой семестр 20252026'!$B$3:$D$1952, 3, 0)), 0, VLOOKUP(B33, '2-ой семестр 20252026'!$B$3:$D$1952, 3, 0)) -> 0 | E33: =VLOOKUP(B33, 'Списания ВИШенок'!$A$3:$D$965, 4, 0) -> -7
A34: =ROW()-1 -> 33 | B34: Милин Владислав Сергеевич | C34: ШАД-311 | D34: =IF(ISNA(VLOOKUP(B34, '1-ый семестр 20252026'!$B$3:$D$887, 3, 0)), 0, VLOOKUP(B34, '1-ый семестр 20252026'!$B$3:$D$887, 3, 0)) + IF(ISNA(VLOOKUP(B34, '2-ой семестр 20252026'!$B$3:$D$1952, 3, 0)), 0, VLOOKUP(B34, '2-ой семестр 20252026'!$B$3:$D$1952, 3, 0)) -> 0 | E34: =VLOOKUP(B34, 'Списания ВИШенок'!$A$3:$D$965, 4, 0) -> -7
A35: =ROW()-1 -> 34 | B35: Кушнов Данила Константинович | C35: ШАД-211 | D35: =IF(ISNA(VLOOKUP(B35, '1-ый семестр 20252026'!$B$3:$D$887, 3, 0)), 0, VLOOKUP(B35, '1-ый семестр 20252026'!$B$3:$D$887, 3, 0)) + IF(ISNA(VLOOKUP(B35, '2-ой семестр 20252026'!$B$3:$D$1952, 3, 0)), 0, VLOOKUP(B35, '2-ой семестр 20252026'!$B$3:$D$1952, 3, 0)) -> 0 | E35: =VLOOKUP(B35, 'Списания ВИШенок'!$A$3:$D$965, 4, 0) -> -7
A36: =ROW()-1 -> 35 | B36: Суколенко Роман Дмитриевич | C36: ШТД-311 | D36: =IF(ISNA(VLOOKUP(B36, '1-ый семестр 20252026'!$B$3:$D$887, 3, 0)), 0, VLOOKUP(B36, '1-ый семестр 20252026'!$B$3:$D$887, 3, 0)) + IF(ISNA(VLOOKUP(B36, '2-ой семестр 20252026'!$B$3:$D$1952, 3, 0)), 0, VLOOKUP(B36, '2-ой семестр 20252026'!$B$3:$D$1952, 3, 0)) -> 0 | E36: =VLOOKUP(B36, 'Списания ВИШенок'!$A$3:$D$965, 4, 0) -> -6
A37: =ROW()-1 -> 36 | B37: Позняк Анатолий Анатольевич | C37: ШТС-211 | D37: =IF(ISNA(VLOOKUP(B37, '1-ый семестр 20252026'!$B$3:$D$887, 3, 0)), 0, VLOOKUP(B37, '1-ый семестр 20252026'!$B$3:$D$887, 3, 0)) + IF(ISNA(VLOOKUP(B37, '2-ой семестр 20252026'!$B$3:$D$1952, 3, 0)), 0, VLOOKUP(B37, '2-ой семестр 20252026'!$B$3:$D$1952, 3, 0)) -> 0 | E37: =VLOOKUP(B37, 'Списания ВИШенок'!$A$3:$D$965, 4, 0) -> -6
A38: =ROW()-1 -> 37 | B38: Клишин Илья Олегович | C38: ШМС-411 | D38: =IF(ISNA(VLOOKUP(B38, '1-ый семестр 20252026'!$B$3:$D$887, 3, 0)), 0, VLOOKUP(B38, '1-ый семестр 20252026'!$B$3:$D$887, 3, 0)) + IF(ISNA(VLOOKUP(B38, '2-ой семестр 20252026'!$B$3:$D$1952, 3, 0)), 0, VLOOKUP(B38, '2-ой семестр 20252026'!$B$3:$D$1952, 3, 0)) -> 0 | E38: =VLOOKUP(B38, 'Списания ВИШенок'!$A$3:$D$965, 4, 0) -> 6
A39: =ROW()-1 -> 38 | B39: Кутузов Андрей Сергеевич | C39: ШТА-371 | D39: =IF(ISNA(VLOOKUP(B39, '1-ый семестр 20252026'!$B$3:$D$887, 3, 0)), 0, VLOOKUP(B39, '1-ый семестр 20252026'!$B$3:$D$887, 3, 0)) + IF(ISNA(VLOOKUP(B39, '2-ой семестр 20252026'!$B$3:$D$1952, 3, 0)), 0, VLOOKUP(B39, '2-ой семестр 20252026'!$B$3:$D$1952, 3, 0)) -> 0 | E39: =VLOOKUP(B39, 'Списания ВИШенок'!$A$3:$D$965, 4, 0) -> -5
A40: =ROW()-1 -> 39 | B40: Мещеркин Илья Андреевич | C40: ШТД-311 | D40: =IF(ISNA(VLOOKUP(B40, '1-ый семестр 20252026'!$B$3:$D$887, 3, 0)), 0, VLOOKUP(B40, '1-ый семестр 20252026'!$B$3:$D$887, 3, 0)) + IF(ISNA(VLOOKUP(B40, '2-ой семестр 20252026'!$B$3:$D$1952, 3, 0)), 0, VLOOKUP(B40, '2-ой семестр 20252026'!$B$3:$D$1952, 3, 0)) -> 0 | E40: =VLOOKUP(B40, 'Списания ВИШенок'!$A$3:$D$965, 4, 0) -> -5
A41: =ROW()-1 -> 40 | B41: Саввин Дмитрий Вячеславович | C41: ШТД-211 | D41: =IF(ISNA(VLOOKUP(B41, '1-ый семестр 20252026'!$B$3:$D$887, 3, 0)), 0, VLOOKUP(B41, '1-ый семестр 20252026'!$B$3:$D$887, 3, 0)) + IF(ISNA(VLOOKUP(B41, '2-ой семестр 20252026'!$B$3:$D$1952, 3, 0)), 0, VLOOKUP(B41, '2-ой семестр 20252026'!$B$3:$D$1952, 3, 0)) -> 0 | E41: =VLOOKUP(B41, 'Списания ВИШенок'!$A$3:$D$965, 4, 0) -> -5
A42: =ROW()-1 -> 41 | B42: Семкин Иван Алексеевич | C42: ШТД-311 | D42: =IF(ISNA(VLOOKUP(B42, '1-ый семестр 20252026'!$B$3:$D$887, 3, 0)), 0, VLOOKUP(B42, '1-ый семестр 20252026'!$B$3:$D$887, 3, 0)) + IF(ISNA(VLOOKUP(B42, '2-ой семестр 20252026'!$B$3:$D$1952, 3, 0)), 0, VLOOKUP(B42, '2-ой семестр 20252026'!$B$3:$D$1952, 3, 0)) -> 0 | E42: =VLOOKUP(B42, 'Списания ВИШенок'!$A$3:$D$965, 4, 0) -> -5
A43: =ROW()-1 -> 42 | B43: Сергеев Олег Станиславович | C43: ШМС-212 | D43: =IF(ISNA(VLOOKUP(B43, '1-ый семестр 20252026'!$B$3:$D$887, 3, 0)), 0, VLOOKUP(B43, '1-ый семестр 20252026'!$B$3:$D$887, 3, 0)) + IF(ISNA(VLOOKUP(B43, '2-ой семестр 20252026'!$B$3:$D$1952, 3, 0)), 0, VLOOKUP(B43, '2-ой семестр 20252026'!$B$3:$D$1952, 3, 0)) -> 0 | E43: =VLOOKUP(B43, 'Списания ВИШенок'!$A$3:$D$965, 4, 0) -> -5
A44: =ROW()-1 -> 43 | B44: Лирник Сергей Александрович | C44: ШТА-371 | D44: =IF(ISNA(VLOOKUP(B44, '1-ый семестр 20252026'!$B$3:$D$887, 3, 0)), 0, VLOOKUP(B44, '1-ый семестр 20252026'!$B$3:$D$887, 3, 0)) + IF(ISNA(VLOOKUP(B44, '2-ой семестр 20252026'!$B$3:$D$1952, 3, 0)), 0, VLOOKUP(B44, '2-ой семестр 20252026'!$B$3:$D$1952, 3, 0)) -> 0 | E44: =VLOOKUP(B44, 'Списания ВИШенок'!$A$3:$D$965, 4, 0) -> -4
... A48: =ROW()-1 -> 47 | B48: Трусов Максим Алексеевич | C48: ШТД-411 | D48: =IF(ISNA(VLOOKUP(B48, '1-ый семестр 20252026'!$B$3:$D$887, 3, 0)), 0, VLOOKUP(B48, '1-ый семестр 20252026'!$B$3:$D$887, 3, 0)) + IF(ISNA(VLOOKUP(B48, '2-ой семестр 20252026'!$B$3:$D$1952, 3, 0)), 0, VLOOKUP(B48, '2-ой семестр 20252026'!$B$3:$D$1952, 3, 0)) -> 0 | E48: =VLOOKUP(B48, 'Списания ВИШенок'!$A$3:$D$965, 4, 0) -> -2
A49: =ROW()-1 -> 48 | B49: Кодиленко Виталий Александрович | C49: ПСЭ-441 | D49: =IF(ISNA(VLOOKUP(B49, '1-ый семестр 20252026'!$B$3:$D$1200, 3, 0)), 0, VLOOKUP(B49, '1-ый семестр 20252026'!$B$3:$D$1200, 3, 0)) + IF(ISNA(VLOOKUP(B49, '2-ой семестр 20252026'!$B$3:$D$1952, 3, 0)), 0, VLOOKUP(B49, '2-ой семестр 20252026'!$B$3:$D$1952, 3, 0)) -> 9 | E49: =VLOOKUP(B49, 'Списания ВИШенок'!$A$3:$D$1200, 4, 0) -> -1
A50: =ROW()-1 -> 49 | B50: Ларькин Сергей Семенович | C50: ШЭТ-411 | D50: =IF(ISNA(VLOOKUP(B50, '1-ый семестр 20252026'!$B$3:$D$887, 3, 0)), 0, VLOOKUP(B50, '1-ый семестр 20252026'!$B$3:$D$887, 3, 0)) + IF(ISNA(VLOOKUP(B50, '2-ой семестр 20252026'!$B$3:$D$1952, 3, 0)), 0, VLOOKUP(B50, '2-ой семестр 20252026'!$B$3:$D$1952, 3, 0)) -> 0 | E50: =VLOOKUP(B50, 'Списания ВИШенок'!$A$3:$D$965, 4, 0) -> -1
A51: =ROW()-1 -> 50 | B51: Абдуллаев Сеймур Сабухиевич | C51: ШЭТ-111 | D51: =IF(ISNA(VLOOKUP(B51, '1-ый семестр 20252026'!$B$3:$D$887, 3, 0)), 0, VLOOKUP(B51, '1-ый семестр 20252026'!$B$3:$D$887, 3, 0)) + IF(ISNA(VLOOKUP(B51, '2-ой семестр 20252026'!$B$3:$D$1952, 3, 0)), 0, VLOOKUP(B51, '2-ой семестр 20252026'!$B$3:$D$1952, 3, 0)) -> 0 | E51: =VLOOKUP(B51, 'Списания ВИШенок'!$A$3:$D$965, 4, 0) -> 0
A52: =ROW()-1 -> 51 | B52: Абраамян Феликс Овикович | C52: ШАДк-111 | D52: =IF(ISNA(VLOOKUP(B52, '1-ый семестр 20252026'!$B$3:$D$887, 3, 0)), 0, VLOOKUP(B52, '1-ый семестр 20252026'!$B$3:$D$887, 3, 0)) + IF(ISNA(VLOOKUP(B52, '2-ой семестр 20252026'!$B$3:$D$1952, 3, 0)), 0, VLOOKUP(B52, '2-ой семестр 20252026'!$B$3:$D$1952, 3, 0)) -> 0 | E52: =VLOOKUP(B52, 'Списания ВИШенок'!$A$3:$D$965, 4, 0) -> 0
A53: =ROW()-1 -> 52 | B53: Ароев Андрей Александрович | C53: ШАДк-111 | D53: =IF(ISNA(VLOOKUP(B53, '1-ый семестр 20252026'!$B$3:$D$887, 3, 0)), 0, VLOOKUP(B53, '1-ый семестр 20252026'!$B$3:$D$887, 3, 0)) + IF(ISNA(VLOOKUP(B53, '2-ой семестр 20252026'!$B$3:$D$1952, 3, 0)), 0, VLOOKUP(B53, '2-ой семестр 20252026'!$B$3:$D$1952, 3, 0)) -> 0 | E53: =VLOOKUP(B53, 'Списания ВИШенок'!$A$3:$D$965, 4, 0) -> 0
A54: =ROW()-1 -> 53 | B54: Арцышевский Иван Сергеевич | C54: ШЭТ-111 | D54: =IF(ISNA(VLOOKUP(B54, '1-ый семестр 20252026'!$B$3:$D$887, 3, 0)), 0, VLOOKUP(B54, '1-ый семестр 20252026'!$B$3:$D$887, 3, 0)) + IF(ISNA(VLOOKUP(B54, '2-ой семестр 20252026'!$B$3:$D$1952, 3, 0)), 0, VLOOKUP(B54, '2-ой семестр 20252026'!$B$3:$D$1952, 3, 0)) -> 0 | E54: =VLOOKUP(B54, 'Списания ВИШенок'!$A$3:$D$965, 4, 0) -> 0
A55: =ROW()-1 -> 54 | B55: Астафьева Юлия Андреевна | C55: ШМС-112 | D55: =IF(ISNA(VLOOKUP(B55, '1-ый семестр 20252026'!$B$3:$D$887, 3, 0)), 0, VLOOKUP(B55, '1-ый семестр 20252026'!$B$3:$D$887, 3, 0)) + IF(ISNA(VLOOKUP(B55, '2-ой семестр 20252026'!$B$3:$D$1952, 3, 0)), 0, VLOOKUP(B55, '2-ой семестр 20252026'!$B$3:$D$1952, 3, 0)) -> 0 | E55: =VLOOKUP(B55, 'Списания ВИШенок'!$A$3:$D$965, 4, 0) -> 0
A56: =ROW()-1 -> 55 | B56: Асташов Илья Алексеевич | C56: ШТД-211 | D56: =IF(ISNA(VLOOKUP(B56, '1-ый семестр 20252026'!$B$3:$D$887, 3, 0)), 0, VLOOKUP(B56, '1-ый семестр 20252026'!$B$3:$D$887, 3, 0)) + IF(ISNA(VLOOKUP(B56, '2-ой семестр 20252026'!$B$3:$D$1952, 3, 0)), 0, VLOOKUP(B56, '2-ой семестр 20252026'!$B$3:$D$1952, 3, 0)) -> 0 | E56: =VLOOKUP(B56, 'Списания ВИШенок'!$A$3:$D$965, 4, 0) -> 0
A57: =ROW()-1 -> 56 | B57: Бабак Егор Николаевич | C57: ШЭТ-111 | D57: =IF(ISNA(VLOOKUP(B57, '1-ый семестр 20252026'!$B$3:$D$887, 3, 0)), 0, VLOOKUP(B57, '1-ый семестр 20252026'!$B$3:$D$887, 3, 0)) + IF(ISNA(VLOOKUP(B57, '2-ой семестр 20252026'!$B$3:$D$1952, 3, 0)), 0, VLOOKUP(B57, '2-ой семестр 20252026'!$B$3:$D$1952, 3, 0)) -> 0 | E57: =VLOOKUP(B57, 'Списания ВИШенок'!$A$3:$D$965, 4, 0) -> 0
A58: =ROW()-1 -> 57 | B58: Бараков Богдан Алексеевич | C58: ШТА-271 | D58: =IF(ISNA(VLOOKUP(B58, '1-ый семестр 20252026'!$B$3:$D$887, 3, 0)), 0, VLOOKUP(B58, '1-ый семестр 20252026'!$B$3:$D$887, 3, 0)) + IF(ISNA(VLOOKUP(B58, '2-ой семестр 20252026'!$B$3:$D$1952, 3, 0)), 0, VLOOKUP(B58, '2-ой семестр 20252026'!$B$3:$D$1952, 3, 0)) -> 0 | E58: =VLOOKUP(B58, 'Списания ВИШенок'!$A$3:$D$965, 4, 0) -> 0
A59: =ROW()-1 -> 58 | B59: Бархалов Фёдор Михайлович | C59: ШАД-111 | D59: =IF(ISNA(VLOOKUP(B59, '1-ый семестр 20252026'!$B$3:$D$887, 3, 0)), 0, VLOOKUP(B59, '1-ый семестр 20252026'!$B$3:$D$887, 3, 0)) + IF(ISNA(VLOOKUP(B59, '2-ой семестр 20252026'!$B$3:$D$1952, 3, 0)), 0, VLOOKUP(B59, '2-ой семестр 20252026'!$B$3:$D$1952, 3, 0)) -> 0 | E59: =VLOOKUP(B59, 'Списания ВИШенок'!$A$3:$D$965, 4, 0) -> 0
A60: =ROW()-1 -> 59 | B60: Баскакова Анна Олеговна | C60: ШТА-271 | D60: =IF(ISNA(VLOOKUP(B60, '1-ый семестр 20252026'!$B$3:$D$887, 3, 0)), 0, VLOOKUP(B60, '1-ый семестр 20252026'!$B$3:$D$887, 3, 0)) + IF(ISNA(VLOOKUP(B60, '2-ой семестр 20252026'!$B$3:$D$1952, 3, 0)), 0, VLOOKUP(B60, '2-ой семестр 20252026'!$B$3:$D$1952, 3, 0)) -> 0 | E60: =VLOOKUP(B60, 'Списания ВИШенок'!$A$3:$D$965, 4, 0) -> 0
A61: =ROW()-1 -> 60 | B61: Батряков Рифат Ринатович | C61: ШТА-171 | D61: =IF(ISNA(VLOOKUP(B61, '1-ый семестр 20252026'!$B$3:$D$887, 3, 0)), 0, VLOOKUP(B61, '1-ый семестр 20252026'!$B$3:$D$887, 3, 0)) + IF(ISNA(VLOOKUP(B61, '2-ой семестр 20252026'!$B$3:$D$1952, 3, 0)), 0, VLOOKUP(B61, '2-ой семестр 20252026'!$B$3:$D$1952, 3, 0)) -> 0 | E61: =VLOOKUP(B61, 'Списания ВИШенок'!$A$3:$D$965, 4, 0) -> 0
... A111: =ROW()-1 -> 110 | B111: Капустин Сергей Александрович | C111: ПУИ-171 | D111: =IF(ISNA(VLOOKUP(B111, '1-ый семестр 20252026'!$B$3:$D$887, 3, 0)), 0, VLOOKUP(B111, '1-ый семестр 20252026'!$B$3:$D$887, 3, 0)) + IF(ISNA(VLOOKUP(B111, '2-ой семестр 20252026'!$B$3:$D$1952, 3, 0)), 0, VLOOKUP(B111, '2-ой семестр 20252026'!$B$3:$D$1952, 3, 0)) -> 0 | E111: =VLOOKUP(B111, 'Списания ВИШенок'!$A$3:$D$965, 4, 0) -> 0
A112: =ROW()-1 -> 111 | B112: Капусто Михаил Владимирович | C112: ППС-441 | D112: =IF(ISNA(VLOOKUP(B112, '1-ый семестр 20252026'!$B$3:$D$1200, 3, 0)), 0, VLOOKUP(B112, '1-ый семестр 20252026'!$B$3:$D$1200, 3, 0)) + IF(ISNA(VLOOKUP(B112, '2-ой семестр 20252026'!$B$3:$D$1952, 3, 0)), 0, VLOOKUP(B112, '2-ой семестр 20252026'!$B$3:$D$1952, 3, 0)) -> 8 | E112: =VLOOKUP(B112, 'Списания ВИШенок'!$A$3:$D$1200, 4, 0) -> 8
A113: =ROW()-1 -> 112 | B113: Карпенко Анна Леонидовна | C113: ШТД-111 | D113: =IF(ISNA(VLOOKUP(B113, '1-ый семестр 20252026'!$B$3:$D$887, 3, 0)), 0, VLOOKUP(B113, '1-ый семестр 20252026'!$B$3:$D$887, 3, 0)) + IF(ISNA(VLOOKUP(B113, '2-ой семестр 20252026'!$B$3:$D$1952, 3, 0)), 0, VLOOKUP(B113, '2-ой семестр 20252026'!$B$3:$D$1952, 3, 0)) -> 0 | E113: =VLOOKUP(B113, 'Списания ВИШенок'!$A$3:$D$965, 4, 0) -> 0
A114: =ROW()-1 -> 113 | B114: Клочков Николай Алексеевич | C114: ШМС-111 | D114: =IF(ISNA(VLOOKUP(B114, '1-ый семестр 20252026'!$B$3:$D$887, 3, 0)), 0, VLOOKUP(B114, '1-ый семестр 20252026'!$B$3:$D$887, 3, 0)) + IF(ISNA(VLOOKUP(B114, '2-ой семестр 20252026'!$B$3:$D$1952, 3, 0)), 0, VLOOKUP(B114, '2-ой семестр 20252026'!$B$3:$D$1952, 3, 0)) -> 0 | E114: =VLOOKUP(B114, 'Списания ВИШенок'!$A$3:$D$965, 4, 0) -> 0
A115: =ROW()-1 -> 114 | B115: Клюев Ярослав Дмитриевич | C115: ШЦТ-111 | D115: =IF(ISNA(VLOOKUP(B115, '1-ый семестр 20252026'!$B$3:$D$887, 3, 0)), 0, VLOOKUP(B115, '1-ый семестр 20252026'!$B$3:$D$887, 3, 0)) + IF(ISNA(VLOOKUP(B115, '2-ой семестр 20252026'!$B$3:$D$1952, 3, 0)), 0, VLOOKUP(B115, '2-ой семестр 20252026'!$B$3:$D$1952, 3, 0)) -> 0 | E115: =VLOOKUP(B115, 'Списания ВИШенок'!$A$3:$D$965, 4, 0) -> 0
A116: =ROW()-1 -> 115 | B116: Козин Илья Андреевич | C116: ШАД-111 | D116: =IF(ISNA(VLOOKUP(B116, '1-ый семестр 20252026'!$B$3:$D$887, 3, 0)), 0, VLOOKUP(B116, '1-ый семестр 20252026'!$B$3:$D$887, 3, 0)) + IF(ISNA(VLOOKUP(B116, '2-ой семестр 20252026'!$B$3:$D$1952, 3, 0)), 0, VLOOKUP(B116, '2-ой семестр 20252026'!$B$3:$D$1952, 3, 0)) -> 0 | E116: =VLOOKUP(B116, 'Списания ВИШенок'!$A$3:$D$965, 4, 0) -> 0
A117: =ROW()-1 -> 116 | B117: Колчанов Степан Юрьевич | C117: ШЭТ-111 | D117: =IF(ISNA(VLOOKUP(B117, '1-ый семестр 20252026'!$B$3:$D$887, 3, 0)), 0, VLOOKUP(B117, '1-ый семестр 20252026'!$B$3:$D$887, 3, 0)) + IF(ISNA(VLOOKUP(B117, '2-ой семестр 20252026'!$B$3:$D$1952, 3, 0)), 0, VLOOKUP(B117, '2-ой семестр 20252026'!$B$3:$D$1952, 3, 0)) -> 0 | E117: =VLOOKUP(B117, 'Списания ВИШенок'!$A$3:$D$965, 4, 0) -> 0
A118: =ROW()-1 -> 117 | B118: Кондрашов Иван Александрович | C118: ШМС-112 | D118: =IF(ISNA(VLOOKUP(B118, '1-ый семестр 20252026'!$B$3:$D$887, 3, 0)), 0, VLOOKUP(B118, '1-ый семестр 20252026'!$B$3:$D$887, 3, 0)) + IF(ISNA(VLOOKUP(B118, '2-ой семестр 20252026'!$B$3:$D$1952, 3, 0)), 0, VLOOKUP(B118, '2-ой семестр 20252026'!$B$3:$D$1952, 3, 0)) -> 0 | E118: =VLOOKUP(B118, 'Списания ВИШенок'!$A$3:$D$965, 4, 0) -> 0
A119: =ROW()-1 -> 118 | B119: Коробейникова Александра Ивановна | C119: ШАДк-111 | D119: =IF(ISNA(VLOOKUP(B119, '1-ый семестр 20252026'!$B$3:$D$887, 3, 0)), 0, VLOOKUP(B119, '1-ый семестр 20252026'!$B$3:$D$887, 3, 0)) + IF(ISNA(VLOOKUP(B119, '2-ой семестр 20252026'!$B$3:$D$1952, 3, 0)), 0, VLOOKUP(B119, '2-ой семестр 20252026'!$B$3:$D$1952, 3, 0)) -> 0 | E119: =VLOOKUP(B119, 'Списания ВИШенок'!$A$3:$D$965, 4, 0) -> 0
A120: =ROW()-1 -> 119 | B120: Коровкин-Баврин Игорь Игоревич | C120: ПУИ-171 | D120: =IF(ISNA(VLOOKUP(B120, '1-ый семестр 20252026'!$B$3:$D$887, 3, 0)), 0, VLOOKUP(B120, '1-ый семестр 20252026'!$B$3:$D$887, 3, 0)) + IF(ISNA(VLOOKUP(B120, '2-ой семестр 20252026'!$B$3:$D$1952, 3, 0)), 0, VLOOKUP(B120, '2-ой семестр 20252026'!$B$3:$D$1952, 3, 0)) -> 0 | E120: =VLOOKUP(B120, 'Списания ВИШенок'!$A$3:$D$965, 4, 0) -> 0
A121: =ROW()-1 -> 120 | B121: Коршунов Даниил Сергеевич | C121: ШТА-171 | D121: =IF(ISNA(VLOOKUP(B121, '1-ый семестр 20252026'!$B$3:$D$887, 3, 0)), 0, VLOOKUP(B121, '1-ый семестр 20252026'!$B$3:$D$887, 3, 0)) + IF(ISNA(VLOOKUP(B121, '2-ой семестр 20252026'!$B$3:$D$1952, 3, 0)), 0, VLOOKUP(B121, '2-ой семестр 20252026'!$B$3:$D$1952, 3, 0)) -> 0 | E121: =VLOOKUP(B121, 'Списания ВИШенок'!$A$3:$D$965, 4, 0) -> 0
A122: =ROW()-1 -> 121 | B122: Корябочкин Михаил Николаевич | C122: ПУИ-271 | D122: =IF(ISNA(VLOOKUP(B122, '1-ый семестр 20252026'!$B$3:$D$887, 3, 0)), 0, VLOOKUP(B122, '1-ый семестр 20252026'!$B$3:$D$887, 3, 0)) + IF(ISNA(VLOOKUP(B122, '2-ой семестр 20252026'!$B$3:$D$1952, 3, 0)), 0, VLOOKUP(B122, '2-ой семестр 20252026'!$B$3:$D$1952, 3, 0)) -> 0 | E122: =VLOOKUP(B122, 'Списания ВИШенок'!$A$3:$D$965, 4, 0) -> 0
A123: =ROW()-1 -> 122 | B123: Костиков Илья Алексеевич | C123: ШЭТ-111 | D123: =IF(ISNA(VLOOKUP(B123, '1-ый семестр 20252026'!$B$3:$D$887, 3, 0)), 0, VLOOKUP(B123, '1-ый семестр 20252026'!$B$3:$D$887, 3, 0)) + IF(ISNA(VLOOKUP(B123, '2-ой семестр 20252026'!$B$3:$D$1952, 3, 0)), 0, VLOOKUP(B123, '2-ой семестр 20252026'!$B$3:$D$1952, 3, 0)) -> 0 | E123: =VLOOKUP(B123, 'Списания ВИШенок'!$A$3:$D$965, 4, 0) -> 0
A124: =ROW()-1 -> 123 | B124: Кувшинчиков Николай Константинович | C124: ШТА-271 | D124: =IF(ISNA(VLOOKUP(B124, '1-ый семестр 20252026'!$B$3:$D$887, 3, 0)), 0, VLOOKUP(B124, '1-ый семестр 20252026'!$B$3:$D$887, 3, 0)) + IF(ISNA(VLOOKUP(B124, '2-ой семестр 20252026'!$B$3:$D$1952, 3, 0)), 0, VLOOKUP(B124, '2-ой семестр 20252026'!$B$3:$D$1952, 3, 0)) -> 3 | E124: =VLOOKUP(B124, 'Списания ВИШенок'!$A$3:$D$965, 4, 0) -> 3
... A139: =ROW()-1 -> 138 | B139: Матвеев Артём Игоревич | C139: ШМС-111 | D139: =IF(ISNA(VLOOKUP(B139, '1-ый семестр 20252026'!$B$3:$D$887, 3, 0)), 0, VLOOKUP(B139, '1-ый семестр 20252026'!$B$3:$D$887, 3, 0)) + IF(ISNA(VLOOKUP(B139, '2-ой семестр 20252026'!$B$3:$D$1952, 3, 0)), 0, VLOOKUP(B139, '2-ой семестр 20252026'!$B$3:$D$1952, 3, 0)) -> 0 | E139: =VLOOKUP(B139, 'Списания ВИШенок'!$A$3:$D$965, 4, 0) -> 0
A140: =ROW()-1 -> 139 | B140: Медведев Евгений Валерьевич | C140: ППС-441 | D140: =IF(ISNA(VLOOKUP(B140, '1-ый семестр 20252026'!$B$3:$D$1200, 3, 0)), 0, VLOOKUP(B140, '1-ый семестр 20252026'!$B$3:$D$1200, 3, 0)) + IF(ISNA(VLOOKUP(B140, '2-ой семестр 20252026'!$B$3:$D$1952, 3, 0)), 0, VLOOKUP(B140, '2-ой семестр 20252026'!$B$3:$D$1952, 3, 0)) -> 0 | E140: =VLOOKUP(B140, 'Списания ВИШенок'!$A$3:$D$1200, 4, 0) -> 0
A141: =ROW()-1 -> 140 | B141: Мезибаи-Йа-Йанджи Милка-Валодиа-Кларанс | C141: ПУИ-271 | D141: =IF(ISNA(VLOOKUP(B141, '1-ый семестр 20252026'!$B$3:$D$887, 3, 0)), 0, VLOOKUP(B141, '1-ый семестр 20252026'!$B$3:$D$887, 3, 0)) + IF(ISNA(VLOOKUP(B141, '2-ой семестр 20252026'!$B$3:$D$1952, 3, 0)), 0, VLOOKUP(B141, '2-ой семестр 20252026'!$B$3:$D$1952, 3, 0)) -> 0 | E141: =VLOOKUP(B141, 'Списания ВИШенок'!$A$3:$D$965, 4, 0) -> 0
A142: =ROW()-1 -> 141 | B142: Милованов Сергей Сергеевич | C142: ШТА-171 | D142: =IF(ISNA(VLOOKUP(B142, '1-ый семестр 20252026'!$B$3:$D$887, 3, 0)), 0, VLOOKUP(B142, '1-ый семестр 20252026'!$B$3:$D$887, 3, 0)) + IF(ISNA(VLOOKUP(B142, '2-ой семестр 20252026'!$B$3:$D$1952, 3, 0)), 0, VLOOKUP(B142, '2-ой семестр 20252026'!$B$3:$D$1952, 3, 0)) -> 0 | E142: =VLOOKUP(B142, 'Списания ВИШенок'!$A$3:$D$965, 4, 0) -> 0
A143: =ROW()-1 -> 142 | B143: Миронов Михаил Иванович | C143: ШТД-111 | D143: =IF(ISNA(VLOOKUP(B143, '1-ый семестр 20252026'!$B$3:$D$887, 3, 0)), 0, VLOOKUP(B143, '1-ый семестр 20252026'!$B$3:$D$887, 3, 0)) + IF(ISNA(VLOOKUP(B143, '2-ой семестр 20252026'!$B$3:$D$1952, 3, 0)), 0, VLOOKUP(B143, '2-ой семестр 20252026'!$B$3:$D$1952, 3, 0)) -> 0 | E143: =VLOOKUP(B143, 'Списания ВИШенок'!$A$3:$D$965, 4, 0) -> 0
A144: =ROW()-1 -> 143 | B144: Мисецкий Фёдор Станиславович | C144: ШМС-112 | D144: =IF(ISNA(VLOOKUP(B144, '1-ый семестр 20252026'!$B$3:$D$887, 3, 0)), 0, VLOOKUP(B144, '1-ый семестр 20252026'!$B$3:$D$887, 3, 0)) + IF(ISNA(VLOOKUP(B144, '2-ой семестр 20252026'!$B$3:$D$1952, 3, 0)), 0, VLOOKUP(B144, '2-ой семестр 20252026'!$B$3:$D$1952, 3, 0)) -> 0 | E144: =VLOOKUP(B144, 'Списания ВИШенок'!$A$3:$D$965, 4, 0) -> 0
A145: =ROW()-1 -> 144 | B145: Митрофанов Дмитрий Романович | C145: ШМС-111 | D145: =IF(ISNA(VLOOKUP(B145, '1-ый семестр 20252026'!$B$3:$D$887, 3, 0)), 0, VLOOKUP(B145, '1-ый семестр 20252026'!$B$3:$D$887, 3, 0)) + IF(ISNA(VLOOKUP(B145, '2-ой семестр 20252026'!$B$3:$D$1952, 3, 0)), 0, VLOOKUP(B145, '2-ой семестр 20252026'!$B$3:$D$1952, 3, 0)) -> 0 | E145: =VLOOKUP(B145, 'Списания ВИШенок'!$A$3:$D$965, 4, 0) -> 0
A146: =ROW()-1 -> 145 | B146: Михеев Николай Евгеньевич | C146: ШИН-171 | D146: =IF(ISNA(VLOOKUP(B146, '1-ый семестр 20252026'!$B$3:$D$887, 3, 0)), 0, VLOOKUP(B146, '1-ый семестр 20252026'!$B$3:$D$887, 3, 0)) + IF(ISNA(VLOOKUP(B146, '2-ой семестр 20252026'!$B$3:$D$1952, 3, 0)), 0, VLOOKUP(B146, '2-ой семестр 20252026'!$B$3:$D$1952, 3, 0)) -> 0 | E146: =VLOOKUP(B146, 'Списания ВИШенок'!$A$3:$D$965, 4, 0) -> 0
A147: =ROW()-1 -> 146 | B147: Мишина Марина Дмитриевна | C147: ШАД-111 | D147: =IF(ISNA(VLOOKUP(B147, '1-ый семестр 20252026'!$B$3:$D$887, 3, 0)), 0, VLOOKUP(B147, '1-ый семестр 20252026'!$B$3:$D$887, 3, 0)) + IF(ISNA(VLOOKUP(B147, '2-ой семестр 20252026'!$B$3:$D$1952, 3, 0)), 0, VLOOKUP(B147, '2-ой семестр 20252026'!$B$3:$D$1952, 3, 0)) -> 3 | E147: =VLOOKUP(B147, 'Списания ВИШенок'!$A$3:$D$965, 4, 0) -> 3
A148: =ROW()-1 -> 147 | B148: Моисеенко Василий Александрович | C148: ПУИ-171 | D148: =IF(ISNA(VLOOKUP(B148, '1-ый семестр 20252026'!$B$3:$D$887, 3, 0)), 0, VLOOKUP(B148, '1-ый семестр 20252026'!$B$3:$D$887, 3, 0)) + IF(ISNA(VLOOKUP(B148, '2-ой семестр 20252026'!$B$3:$D$1952, 3, 0)), 0, VLOOKUP(B148, '2-ой семестр 20252026'!$B$3:$D$1952, 3, 0)) -> 0 | E148: =VLOOKUP(B148, 'Списания ВИШенок'!$A$3:$D$965, 4, 0) -> 0
A149: =ROW()-1 -> 148 | B149: Молчанова Екатерина Леонидовна | C149: ШЭТ-111 | D149: =IF(ISNA(VLOOKUP(B149, '1-ый семестр 20252026'!$B$3:$D$887, 3, 0)), 0, VLOOKUP(B149, '1-ый семестр 20252026'!$B$3:$D$887, 3, 0)) + IF(ISNA(VLOOKUP(B149, '2-ой семестр 20252026'!$B$3:$D$1952, 3, 0)), 0, VLOOKUP(B149, '2-ой семестр 20252026'!$B$3:$D$1952, 3, 0)) -> 0 | E149: =VLOOKUP(B149, 'Списания ВИШенок'!$A$3:$D$965, 4, 0) -> 0
A150: =ROW()-1 -> 149 | B150: Момот Артём Сергеевич | C150: ШМС-112 | D150: =IF(ISNA(VLOOKUP(B150, '1-ый семестр 20252026'!$B$3:$D$887, 3, 0)), 0, VLOOKUP(B150, '1-ый семестр 20252026'!$B$3:$D$887, 3, 0)) + IF(ISNA(VLOOKUP(B150, '2-ой семестр 20252026'!$B$3:$D$1952, 3, 0)), 0, VLOOKUP(B150, '2-ой семестр 20252026'!$B$3:$D$1952, 3, 0)) -> 6 | E150: =VLOOKUP(B150, 'Списания ВИШенок'!$A$3:$D$965, 4, 0) -> 6
A151: =ROW()-1 -> 150 | B151: Мрдуляш Виктор Павлович | C151: ШЭТ-111 | D151: =IF(ISNA(VLOOKUP(B151, '1-ый семестр 20252026'!$B$3:$D$887, 3, 0)), 0, VLOOKUP(B151, '1-ый семестр 20252026'!$B$3:$D$887, 3, 0)) + IF(ISNA(VLOOKUP(B151, '2-ой семестр 20252026'!$B$3:$D$1952, 3, 0)), 0, VLOOKUP(B151, '2-ой семестр 20252026'!$B$3:$D$1952, 3, 0)) -> 0 | E151: =VLOOKUP(B151, 'Списания ВИШенок'!$A$3:$D$965, 4, 0) -> 0
A152: =ROW()-1 -> 151 | B152: Мячиков Григорий Максимович | C152: ШЭТ-111 | D152: =IF(ISNA(VLOOKUP(B152, '1-ый семестр 20252026'!$B$3:$D$887, 3, 0)), 0, VLOOKUP(B152, '1-ый семестр 20252026'!$B$3:$D$887, 3, 0)) + IF(ISNA(VLOOKUP(B152, '2-ой семестр 20252026'!$B$3:$D$1952, 3, 0)), 0, VLOOKUP(B152, '2-ой семестр 20252026'!$B$3:$D$1952, 3, 0)) -> 0 | E152: =VLOOKUP(B152, 'Списания ВИШенок'!$A$3:$D$965, 4, 0) -> 0
... A155: =ROW()-1 -> 154 | B155: Недвигин Архип Николаевич | C155: ШЭТ-111 | D155: =IF(ISNA(VLOOKUP(B155, '1-ый семестр 20252026'!$B$3:$D$887, 3, 0)), 0, VLOOKUP(B155, '1-ый семестр 20252026'!$B$3:$D$887, 3, 0)) + IF(ISNA(VLOOKUP(B155, '2-ой семестр 20252026'!$B$3:$D$1952, 3, 0)), 0, VLOOKUP(B155, '2-ой семестр 20252026'!$B$3:$D$1952, 3, 0)) -> 0 | E155: =VLOOKUP(B155, 'Списания ВИШенок'!$A$3:$D$965, 4, 0) -> 0
A156: =ROW()-1 -> 155 | B156: Несветаева Александра Андреевна | C156: ПРС-441 | D156: =IF(ISNA(VLOOKUP(B156, '1-ый семестр 20252026'!$B$3:$D$1200, 3, 0)), 0, VLOOKUP(B156, '1-ый семестр 20252026'!$B$3:$D$1200, 3, 0)) + IF(ISNA(VLOOKUP(B156, '2-ой семестр 20252026'!$B$3:$D$1952, 3, 0)), 0, VLOOKUP(B156, '2-ой семестр 20252026'!$B$3:$D$1952, 3, 0)) -> 0 | E156: =VLOOKUP(B156, 'Списания ВИШенок'!$A$3:$D$1200, 4, 0) -> 0
A157: =ROW()-1 -> 156 | B157: Нестеренко Георгий Сергеевич | C157: ШЭТ-111 | D157: =IF(ISNA(VLOOKUP(B157, '1-ый семестр 20252026'!$B$3:$D$887, 3, 0)), 0, VLOOKUP(B157, '1-ый семестр 20252026'!$B$3:$D$887, 3, 0)) + IF(ISNA(VLOOKUP(B157, '2-ой семестр 20252026'!$B$3:$D$1952, 3, 0)), 0, VLOOKUP(B157, '2-ой семестр 20252026'!$B$3:$D$1952, 3, 0)) -> 0 | E157: =VLOOKUP(B157, 'Списания ВИШенок'!$A$3:$D$965, 4, 0) -> 0
A158: =ROW()-1 -> 157 | B158: Никитюк Александр Валерьевич | C158: ШЭТ-111 | D158: =IF(ISNA(VLOOKUP(B158, '1-ый семестр 20252026'!$B$3:$D$887, 3, 0)), 0, VLOOKUP(B158, '1-ый семестр 20252026'!$B$3:$D$887, 3, 0)) + IF(ISNA(VLOOKUP(B158, '2-ой семестр 20252026'!$B$3:$D$1952, 3, 0)), 0, VLOOKUP(B158, '2-ой семестр 20252026'!$B$3:$D$1952, 3, 0)) -> 0 | E158: =VLOOKUP(B158, 'Списания ВИШенок'!$A$3:$D$965, 4, 0) -> 0
A159: =ROW()-1 -> 158 | B159: Никифоров Андрей Сергеевич | C159: ШМС-112 | D159: =IF(ISNA(VLOOKUP(B159, '1-ый семестр 20252026'!$B$3:$D$887, 3, 0)), 0, VLOOKUP(B159, '1-ый семестр 20252026'!$B$3:$D$887, 3, 0)) + IF(ISNA(VLOOKUP(B159, '2-ой семестр 20252026'!$B$3:$D$1952, 3, 0)), 0, VLOOKUP(B159, '2-ой семестр 20252026'!$B$3:$D$1952, 3, 0)) -> 0 | E159: =VLOOKUP(B159, 'Списания ВИШенок'!$A$3:$D$965, 4, 0) -> 0
A160: =ROW()-1 -> 159 | B160: Николаева Софья Павловна | C160: ШЭТ-111 | D160: =IF(ISNA(VLOOKUP(B160, '1-ый семестр 20252026'!$B$3:$D$887, 3, 0)), 0, VLOOKUP(B160, '1-ый семестр 20252026'!$B$3:$D$887, 3, 0)) + IF(ISNA(VLOOKUP(B160, '2-ой семестр 20252026'!$B$3:$D$1952, 3, 0)), 0, VLOOKUP(B160, '2-ой семестр 20252026'!$B$3:$D$1952, 3, 0)) -> 0 | E160: =VLOOKUP(B160, 'Списания ВИШенок'!$A$3:$D$965, 4, 0) -> 0
A161: =ROW()-1 -> 160 | B161: Никонов Егор Максимович | C161: ШАД-111 | D161: =IF(ISNA(VLOOKUP(B161, '1-ый семестр 20252026'!$B$3:$D$887, 3, 0)), 0, VLOOKUP(B161, '1-ый семестр 20252026'!$B$3:$D$887, 3, 0)) + IF(ISNA(VLOOKUP(B161, '2-ой семестр 20252026'!$B$3:$D$1952, 3, 0)), 0, VLOOKUP(B161, '2-ой семестр 20252026'!$B$3:$D$1952, 3, 0)) -> 0 | E161: =VLOOKUP(B161, 'Списания ВИШенок'!$A$3:$D$965, 4, 0) -> 0
A162: =ROW()-1 -> 161 | B162: Новиков Никита Дмитриевич | C162: ШТС-111 | D162: =IF(ISNA(VLOOKUP(B162, '1-ый семестр 20252026'!$B$3:$D$887, 3, 0)), 0, VLOOKUP(B162, '1-ый семестр 20252026'!$B$3:$D$887, 3, 0)) + IF(ISNA(VLOOKUP(B162, '2-ой семестр 20252026'!$B$3:$D$1952, 3, 0)), 0, VLOOKUP(B162, '2-ой семестр 20252026'!$B$3:$D$1952, 3, 0)) -> 0 | E162: =VLOOKUP(B162, 'Списания ВИШенок'!$A$3:$D$965, 4, 0) -> 0
A163: =ROW()-1 -> 162 | B163: Нуриахметов Булат Дильшатович | C163: ШТА-171 | D163: =IF(ISNA(VLOOKUP(B163, '1-ый семестр 20252026'!$B$3:$D$887, 3, 0)), 0, VLOOKUP(B163, '1-ый семестр 20252026'!$B$3:$D$887, 3, 0)) + IF(ISNA(VLOOKUP(B163, '2-ой семестр 20252026'!$B$3:$D$1952, 3, 0)), 0, VLOOKUP(B163, '2-ой семестр 20252026'!$B$3:$D$1952, 3, 0)) -> 0 | E163: =VLOOKUP(B163, 'Списания ВИШенок'!$A$3:$D$965, 4, 0) -> 0
A164: =ROW()-1 -> 163 | B164: Оборин Егор Ильич | C164: ШЭТ-111 | D164: =IF(ISNA(VLOOKUP(B164, '1-ый семестр 20252026'!$B$3:$D$887, 3, 0)), 0, VLOOKUP(B164, '1-ый семестр 20252026'!$B$3:$D$887, 3, 0)) + IF(ISNA(VLOOKUP(B164, '2-ой семестр 20252026'!$B$3:$D$1952, 3, 0)), 0, VLOOKUP(B164, '2-ой семестр 20252026'!$B$3:$D$1952, 3, 0)) -> 0 | E164: =VLOOKUP(B164, 'Списания ВИШенок'!$A$3:$D$965, 4, 0) -> 0
A165: =ROW()-1 -> 164 | B165: Олохова Мария Михайловна | C165: ШТА-271 | D165: =IF(ISNA(VLOOKUP(B165, '1-ый семестр 20252026'!$B$3:$D$887, 3, 0)), 0, VLOOKUP(B165, '1-ый семестр 20252026'!$B$3:$D$887, 3, 0)) + IF(ISNA(VLOOKUP(B165, '2-ой семестр 20252026'!$B$3:$D$1952, 3, 0)), 0, VLOOKUP(B165, '2-ой семестр 20252026'!$B$3:$D$1952, 3, 0)) -> 0 | E165: =VLOOKUP(B165, 'Списания ВИШенок'!$A$3:$D$965, 4, 0) -> 0
A166: =ROW()-1 -> 165 | B166: Омаров Габибулах Насирович | C166: ШЭТ-111 | D166: =IF(ISNA(VLOOKUP(B166, '1-ый семестр 20252026'!$B$3:$D$887, 3, 0)), 0, VLOOKUP(B166, '1-ый семестр 20252026'!$B$3:$D$887, 3, 0)) + IF(ISNA(VLOOKUP(B166, '2-ой семестр 20252026'!$B$3:$D$1952, 3, 0)), 0, VLOOKUP(B166, '2-ой семестр 20252026'!$B$3:$D$1952, 3, 0)) -> 0 | E166: =VLOOKUP(B166, 'Списания ВИШенок'!$A$3:$D$965, 4, 0) -> 0
A167: =ROW()-1 -> 166 | B167: Опехтина Екатерина Владимировна | C167: ШЭТ-111 | D167: =IF(ISNA(VLOOKUP(B167, '1-ый семестр 20252026'!$B$3:$D$887, 3, 0)), 0, VLOOKUP(B167, '1-ый семестр 20252026'!$B$3:$D$887, 3, 0)) + IF(ISNA(VLOOKUP(B167, '2-ой семестр 20252026'!$B$3:$D$1952, 3, 0)), 0, VLOOKUP(B167, '2-ой семестр 20252026'!$B$3:$D$1952, 3, 0)) -> 0 | E167: =VLOOKUP(B167, 'Списания ВИШенок'!$A$3:$D$965, 4, 0) -> 0
A168: =ROW()-1 -> 167 | B168: Павлов Алексей Петрович | C168: ПУИ-271 | D168: =IF(ISNA(VLOOKUP(B168, '1-ый семестр 20252026'!$B$3:$D$887, 3, 0)), 0, VLOOKUP(B168, '1-ый семестр 20252026'!$B$3:$D$887, 3, 0)) + IF(ISNA(VLOOKUP(B168, '2-ой семестр 20252026'!$B$3:$D$1952, 3, 0)), 0, VLOOKUP(B168, '2-ой семестр 20252026'!$B$3:$D$1952, 3, 0)) -> 0 | E168: =VLOOKUP(B168, 'Списания ВИШенок'!$A$3:$D$965, 4, 0) -> 0
... A175: =ROW()-1 -> 174 | B175: Позднякова Виктория Кирилловна | C175: ШЭТ-111 | D175: =IF(ISNA(VLOOKUP(B175, '1-ый семестр 20252026'!$B$3:$D$887, 3, 0)), 0, VLOOKUP(B175, '1-ый семестр 20252026'!$B$3:$D$887, 3, 0)) + IF(ISNA(VLOOKUP(B175, '2-ой семестр 20252026'!$B$3:$D$1952, 3, 0)), 0, VLOOKUP(B175, '2-ой семестр 20252026'!$B$3:$D$1952, 3, 0)) -> 0 | E175: =VLOOKUP(B175, 'Списания ВИШенок'!$A$3:$D$965, 4, 0) -> 3
A176: =ROW()-1 -> 175 | B176: Поляков Евгений Владимирович | C176: ПСЭ-441 | D176: =IF(ISNA(VLOOKUP(B176, '1-ый семестр 20252026'!$B$3:$D$1200, 3, 0)), 0, VLOOKUP(B176, '1-ый семестр 20252026'!$B$3:$D$1200, 3, 0)) + IF(ISNA(VLOOKUP(B176, '2-ой семестр 20252026'!$B$3:$D$1952, 3, 0)), 0, VLOOKUP(B176, '2-ой семестр 20252026'!$B$3:$D$1952, 3, 0)) -> 0 | E176: =VLOOKUP(B176, 'Списания ВИШенок'!$A$3:$D$1200, 4, 0) -> 0
A177: =ROW()-1 -> 176 | B177: Прошин Никита Максимович | C177: ШТА-271 | D177: =IF(ISNA(VLOOKUP(B177, '1-ый семестр 20252026'!$B$3:$D$887, 3, 0)), 0, VLOOKUP(B177, '1-ый семестр 20252026'!$B$3:$D$887, 3, 0)) + IF(ISNA(VLOOKUP(B177, '2-ой семестр 20252026'!$B$3:$D$1952, 3, 0)), 0, VLOOKUP(B177, '2-ой семестр 20252026'!$B$3:$D$1952, 3, 0)) -> 0 | E177: =VLOOKUP(B177, 'Списания ВИШенок'!$A$3:$D$965, 4, 0) -> 0
A178: =ROW()-1 -> 177 | B178: Пруцаков Сергей Николаевич | C178: ПУИ-271 | D178: =IF(ISNA(VLOOKUP(B178, '1-ый семестр 20252026'!$B$3:$D$887, 3, 0)), 0, VLOOKUP(B178, '1-ый семестр 20252026'!$B$3:$D$887, 3, 0)) + IF(ISNA(VLOOKUP(B178, '2-ой семестр 20252026'!$B$3:$D$1952, 3, 0)), 0, VLOOKUP(B178, '2-ой семестр 20252026'!$B$3:$D$1952, 3, 0)) -> 0 | E178: =VLOOKUP(B178, 'Списания ВИШенок'!$A$3:$D$965, 4, 0) -> 0
A179: =ROW()-1 -> 178 | B179: Репин Илья Викторович | C179: ШТА-271 | D179: =IF(ISNA(VLOOKUP(B179, '1-ый семестр 20252026'!$B$3:$D$887, 3, 0)), 0, VLOOKUP(B179, '1-ый семестр 20252026'!$B$3:$D$887, 3, 0)) + IF(ISNA(VLOOKUP(B179, '2-ой семестр 20252026'!$B$3:$D$1952, 3, 0)), 0, VLOOKUP(B179, '2-ой семестр 20252026'!$B$3:$D$1952, 3, 0)) -> 0 | E179: =VLOOKUP(B179, 'Списания ВИШенок'!$A$3:$D$965, 4, 0) -> 6
A180: =ROW()-1 -> 179 | B180: Роженко Дарья Сергеевна | C180: ПУИ-171 | D180: =IF(ISNA(VLOOKUP(B180, '1-ый семестр 20252026'!$B$3:$D$887, 3, 0)), 0, VLOOKUP(B180, '1-ый семестр 20252026'!$B$3:$D$887, 3, 0)) + IF(ISNA(VLOOKUP(B180, '2-ой семестр 20252026'!$B$3:$D$1952, 3, 0)), 0, VLOOKUP(B180, '2-ой семестр 20252026'!$B$3:$D$1952, 3, 0)) -> 0 | E180: =VLOOKUP(B180, 'Списания ВИШенок'!$A$3:$D$965, 4, 0) -> 0
A181: =ROW()-1 -> 180 | B181: Романив Андрей Юрьевич | C181: ШМС-111 | D181: =IF(ISNA(VLOOKUP(B181, '1-ый семестр 20252026'!$B$3:$D$887, 3, 0)), 0, VLOOKUP(B181, '1-ый семестр 20252026'!$B$3:$D$887, 3, 0)) + IF(ISNA(VLOOKUP(B181, '2-ой семестр 20252026'!$B$3:$D$1952, 3, 0)), 0, VLOOKUP(B181, '2-ой семестр 20252026'!$B$3:$D$1952, 3, 0)) -> 0 | E181: =VLOOKUP(B181, 'Списания ВИШенок'!$A$3:$D$965, 4, 0) -> 0
A182: =ROW()-1 -> 181 | B182: Романов Алексей Эдуардович | C182: ШЭТ-111 | D182: =IF(ISNA(VLOOKUP(B182, '1-ый семестр 20252026'!$B$3:$D$887, 3, 0)), 0, VLOOKUP(B182, '1-ый семестр 20252026'!$B$3:$D$887, 3, 0)) + IF(ISNA(VLOOKUP(B182, '2-ой семестр 20252026'!$B$3:$D$1952, 3, 0)), 0, VLOOKUP(B182, '2-ой семестр 20252026'!$B$3:$D$1952, 3, 0)) -> 0 | E182: =VLOOKUP(B182, 'Списания ВИШенок'!$A$3:$D$965, 4, 0) -> 0
A183: =ROW()-1 -> 182 | B183: Рязанцев Георгий Дмитриевич | C183: ШАД-111 | D183: =IF(ISNA(VLOOKUP(B183, '1-ый семестр 20252026'!$B$3:$D$887, 3, 0)), 0, VLOOKUP(B183, '1-ый семестр 20252026'!$B$3:$D$887, 3, 0)) + IF(ISNA(VLOOKUP(B183, '2-ой семестр 20252026'!$B$3:$D$1952, 3, 0)), 0, VLOOKUP(B183, '2-ой семестр 20252026'!$B$3:$D$1952, 3, 0)) -> 0 | E183: =VLOOKUP(B183, 'Списания ВИШенок'!$A$3:$D$965, 4, 0) -> 0
A184: =ROW()-1 -> 183 | B184: Савельев Ренат Вадимович | C184: ПУИ-271 | D184: =IF(ISNA(VLOOKUP(B184, '1-ый семестр 20252026'!$B$3:$D$887, 3, 0)), 0, VLOOKUP(B184, '1-ый семестр 20252026'!$B$3:$D$887, 3, 0)) + IF(ISNA(VLOOKUP(B184, '2-ой семестр 20252026'!$B$3:$D$1952, 3, 0)), 0, VLOOKUP(B184, '2-ой семестр 20252026'!$B$3:$D$1952, 3, 0)) -> 0 | E184: =VLOOKUP(B184, 'Списания ВИШенок'!$A$3:$D$965, 4, 0) -> 0
...

Sheet ВИШенки за предыдущие  года
A1: ФИО активиста | B1: ВИШенок накоплено за предыдущие года
A2: Абашев Руслан Евгеньевич | B2: 10
A3: Абдуллаева Сайкал Замирбековна | B3: 14
A4: Абраменко Андрей Сергеевич | B4: 108
A5: Абраменков Антон Александрович | B5: 18
A6: Абрамов Георгий Владимирович | B6: 9
A7: Абросимов Никита Михайлович | B7: 31
A8: Аверина Елизавета Алексеевна | B8: 15
A9: Авласенко Ангелина Геннадьевна | B9: 3
A10: Акимов Александр Алексеевич | B10: 2
A11: Акимов Антон Анатольевич | B11: 14
A12: Аксенов Александр Иванович | B12: 75
A13: Акулова Софья Викторовна | B13: 87
... A767: Ятченко Никита Денисович | B767: 53
